template,query_index,result_count,mean_ms,median_ms,stddev_ms,min_ms,max_ms,p95_ms,p99_ms,cv,dataset
Q_1_eligibleregion,0,18,0.0180,0.0048,0.0670,0.0019,0.3781,0.0194,0.3781,3.7307,500K
Q_1_eligibleregion,1,19,0.0217,0.0043,0.0943,0.0019,0.5293,0.0087,0.5293,4.3540,500K
Q_1_eligibleregion,2,21,0.0086,0.0048,0.0173,0.0021,0.1000,0.0201,0.1000,2.0199,500K
Q_1_eligibleregion,3,30,0.0119,0.0066,0.0161,0.0050,0.0870,0.0415,0.0870,1.3478,500K
Q_1_eligibleregion,4,27,0.0081,0.0059,0.0097,0.0029,0.0597,0.0096,0.0597,1.2038,500K
Q_1_eligibleregion,5,172,0.0556,0.0463,0.0333,0.0396,0.1866,0.1708,0.1866,0.5986,500K
Q_1_eligibleregion,6,9,0.0031,0.0012,0.0044,0.0009,0.0245,0.0076,0.0245,1.4025,500K
Q_1_eligibleregion,7,6,0.0019,0.0008,0.0026,0.0006,0.0137,0.0061,0.0137,1.3951,500K
Q_1_eligibleregion,8,6,0.0018,0.0008,0.0022,0.0007,0.0114,0.0060,0.0114,1.2769,500K
Q_1_eligibleregion,9,17,0.0559,0.0105,0.1165,0.0017,0.6155,0.2023,0.6155,2.0843,500K
Q_1_eligibleregion,10,26,0.0423,0.0260,0.0548,0.0034,0.2841,0.1088,0.2841,1.2965,500K
Q_1_eligibleregion,11,427,0.4830,0.1621,0.6003,0.0942,2.2338,2.0051,2.2338,1.2428,500K
Q_1_eligibleregion,12,87,0.1451,0.0246,0.2993,0.0185,1.3560,0.9625,1.3560,2.0630,500K
Q_1_eligibleregion,13,16,0.0059,0.0043,0.0068,0.0016,0.0273,0.0258,0.0273,1.1602,500K
Q_1_eligibleregion,14,22,0.0066,0.0056,0.0037,0.0023,0.0164,0.0164,0.0164,0.5665,500K
Q_1_eligibleregion,15,42,0.0144,0.0110,0.0115,0.0070,0.0549,0.0540,0.0549,0.8007,500K
Q_1_eligibleregion,16,12,0.0058,0.0021,0.0119,0.0012,0.0675,0.0157,0.0675,2.0466,500K
Q_1_eligibleregion,17,9,0.0025,0.0010,0.0026,0.0009,0.0095,0.0089,0.0095,1.0307,500K
Q_1_eligibleregion,18,10,0.0035,0.0011,0.0043,0.0010,0.0164,0.0163,0.0164,1.2402,500K
Q_1_eligibleregion,19,15,0.0064,0.0049,0.0096,0.0015,0.0530,0.0185,0.0530,1.5107,500K
Q_1_eligibleregion,20,7,0.0026,0.0008,0.0033,0.0007,0.0143,0.0090,0.0143,1.2642,500K
Q_1_eligibleregion,21,15,0.0078,0.0045,0.0157,0.0014,0.0892,0.0180,0.0892,2.0275,500K
Q_1_eligibleregion,22,40,0.0100,0.0094,0.0039,0.0059,0.0237,0.0206,0.0237,0.3879,500K
Q_1_eligibleregion,23,9,0.0023,0.0010,0.0020,0.0009,0.0091,0.0056,0.0091,0.8653,500K
Q_1_eligibleregion,24,9,0.0036,0.0012,0.0067,0.0009,0.0378,0.0100,0.0378,1.8395,500K
Q_1_eligibleregion,25,29,0.0121,0.0108,0.0059,0.0068,0.0318,0.0250,0.0318,0.4839,500K
Q_1_eligibleregion,26,6,0.0041,0.0009,0.0110,0.0006,0.0621,0.0071,0.0621,2.6499,500K
Q_1_eligibleregion,27,16,0.0048,0.0053,0.0032,0.0016,0.0169,0.0095,0.0169,0.6774,500K
Q_1_eligibleregion,28,142,0.0561,0.0496,0.0305,0.0329,0.1609,0.1518,0.1609,0.5436,500K
Q_1_eligibleregion,29,7,0.0018,0.0008,0.0016,0.0007,0.0058,0.0055,0.0058,0.9078,500K
Q_1_eligibleregion,30,7,0.0033,0.0009,0.0079,0.0008,0.0450,0.0051,0.0450,2.4280,500K
Q_1_eligibleregion,31,9,0.0025,0.0011,0.0025,0.0009,0.0116,0.0085,0.0116,1.0361,500K
Q_1_eligibleregion,32,4,0.0022,0.0006,0.0047,0.0005,0.0211,0.0175,0.0211,2.1624,500K
Q_1_eligibleregion,33,72,0.0560,0.0377,0.0471,0.0191,0.2010,0.2010,0.2010,0.8408,500K
Q_1_eligibleregion,34,10,0.0066,0.0012,0.0119,0.0010,0.0621,0.0229,0.0621,1.8132,500K
Q_1_eligibleregion,35,17,0.0224,0.0050,0.0542,0.0016,0.2669,0.1535,0.2669,2.4235,500K
Q_1_eligibleregion,36,8,0.0049,0.0010,0.0092,0.0008,0.0426,0.0283,0.0426,1.9040,500K
Q_1_eligibleregion,37,237,0.2172,0.1335,0.2024,0.0613,0.9233,0.7795,0.9233,0.9321,500K
Q_1_eligibleregion,38,18,0.0043,0.0045,0.0027,0.0017,0.0123,0.0102,0.0123,0.6131,500K
Q_1_eligibleregion,39,5,0.0016,0.0006,0.0028,0.0005,0.0158,0.0036,0.0158,1.8202,500K
Q_1_eligibleregion,40,13,0.0036,0.0016,0.0031,0.0013,0.0130,0.0104,0.0130,0.8757,500K
Q_1_eligibleregion,41,11,0.0026,0.0013,0.0018,0.0012,0.0083,0.0052,0.0083,0.6878,500K
Q_1_eligibleregion,42,27,0.0076,0.0060,0.0043,0.0029,0.0238,0.0208,0.0238,0.5608,500K
Q_1_eligibleregion,43,6,0.0020,0.0008,0.0025,0.0006,0.0097,0.0081,0.0097,1.2273,500K
Q_1_eligibleregion,44,7,0.0021,0.0009,0.0025,0.0007,0.0103,0.0102,0.0103,1.1714,500K
Q_1_eligibleregion,45,11,0.0035,0.0013,0.0034,0.0011,0.0155,0.0123,0.0155,0.9689,500K
Q_1_eligibleregion,46,6,0.0016,0.0008,0.0019,0.0007,0.0100,0.0041,0.0100,1.1523,500K
Q_1_eligibleregion,47,17,0.0036,0.0037,0.0017,0.0017,0.0075,0.0068,0.0075,0.4788,500K
Q_1_eligibleregion,48,53,0.0113,0.0108,0.0036,0.0068,0.0270,0.0194,0.0270,0.3148,500K
Q_1_eligibleregion,49,12,0.0029,0.0016,0.0023,0.0012,0.0089,0.0079,0.0089,0.7697,500K
Q_1_eligibleregion,50,120,0.0304,0.0277,0.0103,0.0225,0.0663,0.0657,0.0663,0.3393,500K
Q_1_eligibleregion,51,4,0.0009,0.0005,0.0009,0.0005,0.0037,0.0032,0.0037,1.0038,500K
Q_1_eligibleregion,52,6,0.0031,0.0008,0.0056,0.0007,0.0268,0.0148,0.0268,1.7841,500K
Q_1_eligibleregion,53,16,0.0040,0.0039,0.0025,0.0016,0.0116,0.0096,0.0116,0.6334,500K
Q_1_eligibleregion,54,9,0.0025,0.0011,0.0025,0.0009,0.0100,0.0099,0.0100,0.9815,500K
Q_1_eligibleregion,55,9,0.0020,0.0010,0.0015,0.0009,0.0054,0.0050,0.0054,0.7450,500K
Q_1_eligibleregion,56,38,0.0084,0.0082,0.0030,0.0056,0.0208,0.0121,0.0208,0.3524,500K
Q_1_eligibleregion,57,7,0.0015,0.0009,0.0012,0.0007,0.0044,0.0043,0.0044,0.7924,500K
Q_1_includes,0,0,0.0012,0.0001,0.0062,0.0000,0.0346,0.0002,0.0346,5.0991,500K
Q_1_includes,1,0,0.0001,0.0001,0.0001,0.0000,0.0004,0.0001,0.0004,0.8311,500K
Q_1_includes,2,0,0.0002,0.0000,0.0007,0.0000,0.0040,0.0001,0.0040,3.7641,500K
Q_1_includes,3,0,0.0003,0.0001,0.0012,0.0000,0.0066,0.0001,0.0066,4.0525,500K
Q_1_includes,4,3,0.0015,0.0005,0.0034,0.0004,0.0183,0.0050,0.0183,2.2065,500K
Q_1_includes,5,0,0.0003,0.0001,0.0010,0.0000,0.0058,0.0001,0.0058,3.9612,500K
Q_1_includes,6,0,0.0002,0.0001,0.0005,0.0000,0.0027,0.0003,0.0027,2.8982,500K
Q_1_includes,7,0,0.0004,0.0001,0.0016,0.0000,0.0090,0.0001,0.0090,4.4096,500K
Q_1_includes,8,0,0.0002,0.0001,0.0009,0.0000,0.0050,0.0001,0.0050,3.7516,500K
Q_1_includes,9,6,0.0024,0.0008,0.0038,0.0006,0.0188,0.0083,0.0188,1.5831,500K
Q_1_includes,10,0,0.0001,0.0001,0.0001,0.0000,0.0006,0.0001,0.0006,1.0380,500K
Q_1_includes,11,0,0.0001,0.0001,0.0000,0.0000,0.0002,0.0001,0.0002,0.3598,500K
Q_1_includes,12,0,0.0001,0.0001,0.0000,0.0000,0.0003,0.0001,0.0003,0.5483,500K
Q_1_includes,13,0,0.0002,0.0001,0.0008,0.0000,0.0043,0.0002,0.0043,3.5045,500K
Q_1_includes,14,5,0.0016,0.0007,0.0020,0.0006,0.0080,0.0067,0.0080,1.2732,500K
Q_1_includes,15,0,0.0002,0.0001,0.0007,0.0000,0.0038,0.0001,0.0038,3.3112,500K
Q_1_includes,16,0,0.0002,0.0001,0.0005,0.0000,0.0030,0.0001,0.0030,3.1518,500K
Q_1_includes,17,0,0.0001,0.0001,0.0001,0.0000,0.0007,0.0001,0.0007,1.2163,500K
Q_1_includes,18,0,0.0001,0.0001,0.0000,0.0000,0.0001,0.0001,0.0001,0.2386,500K
Q_1_includes,19,0,0.0003,0.0001,0.0011,0.0000,0.0060,0.0001,0.0060,3.8847,500K
Q_1_includes,20,0,0.0001,0.0001,0.0001,0.0000,0.0004,0.0001,0.0004,0.7569,500K
Q_1_includes,21,0,0.0002,0.0001,0.0005,0.0000,0.0030,0.0001,0.0030,3.0134,500K
Q_1_includes,22,0,0.0001,0.0001,0.0000,0.0000,0.0001,0.0001,0.0001,0.2706,500K
Q_1_includes,23,0,0.0002,0.0000,0.0007,0.0000,0.0038,0.0001,0.0038,3.7045,500K
Q_1_includes,24,0,0.0002,0.0001,0.0006,0.0000,0.0035,0.0001,0.0035,3.2524,500K
Q_1_includes,25,0,0.0002,0.0001,0.0007,0.0000,0.0031,0.0025,0.0031,2.7611,500K
Q_1_includes,26,0,0.0002,0.0001,0.0010,0.0000,0.0055,0.0001,0.0055,3.9515,500K
Q_1_includes,27,0,0.0002,0.0000,0.0005,0.0000,0.0030,0.0001,0.0030,3.3889,500K
Q_1_includes,28,0,0.0002,0.0001,0.0005,0.0000,0.0030,0.0002,0.0030,2.9776,500K
Q_1_includes,29,0,0.0002,0.0001,0.0005,0.0000,0.0031,0.0001,0.0031,3.1401,500K
Q_1_includes,30,0,0.0001,0.0001,0.0000,0.0000,0.0002,0.0001,0.0002,0.3371,500K
Q_1_includes,31,0,0.0001,0.0001,0.0003,0.0001,0.0020,0.0002,0.0020,2.2606,500K
Q_1_includes,32,0,0.0001,0.0001,0.0000,0.0000,0.0002,0.0001,0.0002,0.4182,500K
Q_1_includes,33,0,0.0002,0.0001,0.0004,0.0000,0.0025,0.0005,0.0025,2.6517,500K
Q_1_includes,34,0,0.0002,0.0001,0.0006,0.0000,0.0035,0.0001,0.0035,3.2869,500K
Q_1_includes,35,0,0.0001,0.0001,0.0001,0.0000,0.0005,0.0001,0.0005,0.7959,500K
Q_1_includes,36,0,0.0002,0.0001,0.0006,0.0000,0.0035,0.0003,0.0035,3.2197,500K
Q_1_includes,37,0,0.0002,0.0001,0.0004,0.0000,0.0025,0.0001,0.0025,2.7711,500K
Q_1_includes,38,0,0.0002,0.0001,0.0005,0.0000,0.0029,0.0002,0.0029,3.0136,500K
Q_1_includes,39,0,0.0001,0.0001,0.0001,0.0001,0.0005,0.0001,0.0005,0.6939,500K
Q_1_includes,40,0,0.0004,0.0001,0.0018,0.0000,0.0100,0.0002,0.0100,4.3300,500K
Q_1_includes,41,0,0.0003,0.0001,0.0010,0.0000,0.0048,0.0033,0.0048,3.0979,500K
Q_1_includes,42,0,0.0001,0.0001,0.0001,0.0000,0.0005,0.0001,0.0005,1.0228,500K
Q_1_includes,43,0,0.0001,0.0001,0.0000,0.0000,0.0003,0.0001,0.0003,0.6471,500K
Q_1_includes,44,0,0.0001,0.0001,0.0004,0.0000,0.0024,0.0001,0.0024,2.8720,500K
Q_1_includes,45,0,0.0001,0.0001,0.0000,0.0000,0.0002,0.0001,0.0002,0.3334,500K
Q_1_includes,46,0,0.0002,0.0001,0.0006,0.0000,0.0024,0.0024,0.0024,2.6553,500K
Q_1_includes,47,0,0.0001,0.0001,0.0001,0.0000,0.0007,0.0001,0.0007,1.2218,500K
Q_1_includes,48,0,0.0003,0.0001,0.0010,0.0000,0.0054,0.0001,0.0054,3.7523,500K
Q_1_includes,49,0,0.0001,0.0001,0.0001,0.0000,0.0003,0.0001,0.0003,0.7455,500K
Q_1_includes,50,0,0.0006,0.0002,0.0021,0.0002,0.0119,0.0003,0.0119,3.5115,500K
Q_1_includes,51,0,0.0002,0.0002,0.0001,0.0002,0.0009,0.0003,0.0009,0.5765,500K
Q_1_includes,52,0,0.0002,0.0002,0.0001,0.0002,0.0006,0.0003,0.0006,0.3326,500K
Q_1_includes,53,0,0.0001,0.0001,0.0001,0.0000,0.0008,0.0001,0.0008,1.3554,500K
Q_1_includes,54,0,0.0001,0.0001,0.0000,0.0000,0.0001,0.0001,0.0001,0.2833,500K
Q_1_includes,55,0,0.0001,0.0001,0.0001,0.0000,0.0006,0.0001,0.0006,1.0706,500K
Q_1_includes,56,0,0.0001,0.0001,0.0000,0.0000,0.0003,0.0001,0.0003,0.5652,500K
Q_1_includes,57,0,0.0001,0.0000,0.0000,0.0000,0.0003,0.0001,0.0003,0.5914,500K
Q_1_includes,58,0,0.0011,0.0001,0.0056,0.0000,0.0311,0.0002,0.0311,5.0411,500K
Q_1_includes,59,0,0.0001,0.0001,0.0000,0.0000,0.0002,0.0001,0.0002,0.3743,500K
Q_1_includes,60,0,0.0001,0.0001,0.0000,0.0000,0.0002,0.0001,0.0002,0.3312,500K
Q_1_includes,61,0,0.0001,0.0001,0.0001,0.0000,0.0006,0.0001,0.0006,1.1625,500K
Q_1_includes,62,0,0.0003,0.0001,0.0009,0.0000,0.0041,0.0030,0.0041,2.9270,500K
Q_1_includes,63,0,0.0001,0.0001,0.0001,0.0000,0.0004,0.0001,0.0004,0.7497,500K
Q_1_includes,64,1,0.0009,0.0003,0.0026,0.0002,0.0144,0.0039,0.0144,2.8114,500K
Q_1_likes,0,0,0.0005,0.0001,0.0022,0.0000,0.0122,0.0002,0.0122,4.6245,500K
Q_1_likes,1,0,0.0001,0.0001,0.0001,0.0000,0.0005,0.0001,0.0005,0.8061,500K
Q_1_likes,2,0,0.0001,0.0001,0.0001,0.0000,0.0004,0.0001,0.0004,0.7197,500K
Q_1_likes,3,0,0.0001,0.0000,0.0001,0.0000,0.0004,0.0001,0.0004,0.9281,500K
Q_1_likes,4,3,0.0017,0.0004,0.0039,0.0004,0.0184,0.0123,0.0184,2.2878,500K
Q_1_likes,5,0,0.0001,0.0001,0.0001,0.0000,0.0006,0.0001,0.0006,1.1628,500K
Q_1_likes,6,0,0.0001,0.0000,0.0000,0.0000,0.0003,0.0001,0.0003,0.7258,500K
Q_1_likes,7,0,0.0001,0.0001,0.0001,0.0000,0.0004,0.0001,0.0004,0.7131,500K
Q_1_likes,8,0,0.0002,0.0000,0.0005,0.0000,0.0030,0.0004,0.0030,3.2507,500K
Q_1_likes,9,2,0.0011,0.0003,0.0028,0.0003,0.0143,0.0062,0.0143,2.4128,500K
Q_1_likes,10,0,0.0002,0.0000,0.0005,0.0000,0.0027,0.0003,0.0027,3.0936,500K
Q_1_likes,11,0,0.0001,0.0000,0.0000,0.0000,0.0003,0.0001,0.0003,0.7299,500K
Q_1_likes,12,0,0.0002,0.0001,0.0004,0.0000,0.0024,0.0003,0.0024,2.7904,500K
Q_1_likes,13,0,0.0001,0.0001,0.0000,0.0000,0.0002,0.0001,0.0002,0.2954,500K
Q_1_likes,14,2,0.0013,0.0003,0.0029,0.0003,0.0139,0.0090,0.0139,2.1899,500K
Q_1_likes,15,0,0.0001,0.0000,0.0001,0.0000,0.0004,0.0001,0.0004,0.9636,500K
Q_1_likes,16,0,0.0001,0.0000,0.0001,0.0000,0.0003,0.0002,0.0003,0.8025,500K
Q_1_likes,17,0,0.0002,0.0001,0.0005,0.0000,0.0030,0.0001,0.0030,3.0944,500K
Q_1_likes,18,0,0.0001,0.0001,0.0000,0.0000,0.0001,0.0001,0.0001,0.3584,500K
Q_1_likes,19,0,0.0001,0.0001,0.0001,0.0000,0.0004,0.0001,0.0004,0.7759,500K
Q_1_likes,20,0,0.0001,0.0001,0.0000,0.0000,0.0002,0.0001,0.0002,0.4177,500K
Q_1_likes,21,0,0.0001,0.0001,0.0000,0.0000,0.0002,0.0002,0.0002,0.5052,500K
Q_1_likes,22,0,0.0001,0.0001,0.0001,0.0000,0.0003,0.0001,0.0003,0.6309,500K
Q_1_likes,23,0,0.0004,0.0001,0.0015,0.0000,0.0083,0.0005,0.0083,3.9993,500K
Q_1_likes,24,0,0.0001,0.0001,0.0000,0.0000,0.0002,0.0001,0.0002,0.3902,500K
Q_1_likes,25,0,0.0001,0.0001,0.0000,0.0000,0.0002,0.0001,0.0002,0.4501,500K
Q_1_likes,26,0,0.0001,0.0001,0.0001,0.0000,0.0006,0.0001,0.0006,1.1567,500K
Q_1_likes,27,0,0.0001,0.0001,0.0000,0.0000,0.0002,0.0001,0.0002,0.3007,500K
Q_1_likes,28,0,0.0001,0.0001,0.0001,0.0000,0.0005,0.0002,0.0005,0.9313,500K
Q_1_likes,29,0,0.0001,0.0001,0.0001,0.0000,0.0005,0.0001,0.0005,1.0005,500K
Q_1_likes,30,0,0.0002,0.0001,0.0005,0.0000,0.0030,0.0002,0.0030,3.0652,500K
Q_1_likes,31,0,0.0001,0.0001,0.0001,0.0000,0.0006,0.0001,0.0006,1.0326,500K
Q_1_likes,32,0,0.0002,0.0000,0.0005,0.0000,0.0028,0.0003,0.0028,3.1303,500K
Q_1_likes,33,0,0.0001,0.0001,0.0001,0.0000,0.0007,0.0001,0.0007,1.0828,500K
Q_1_likes,34,0,0.0001,0.0001,0.0001,0.0000,0.0005,0.0001,0.0005,0.8269,500K
Q_1_likes,35,0,0.0002,0.0001,0.0006,0.0000,0.0035,0.0004,0.0035,3.0849,500K
Q_1_likes,36,0,0.0001,0.0001,0.0000,0.0000,0.0003,0.0001,0.0003,0.5675,500K
Q_1_likes,37,0,0.0001,0.0001,0.0001,0.0000,0.0006,0.0001,0.0006,1.0384,500K
Q_1_likes,38,0,0.0001,0.0001,0.0000,0.0000,0.0002,0.0001,0.0002,0.5343,500K
Q_1_likes,39,0,0.0001,0.0001,0.0001,0.0000,0.0004,0.0001,0.0004,0.7418,500K
Q_1_likes,40,0,0.0001,0.0001,0.0002,0.0000,0.0009,0.0007,0.0009,1.4389,500K
Q_1_likes,41,0,0.0004,0.0000,0.0017,0.0000,0.0098,0.0001,0.0098,4.7342,500K
Q_1_likes,42,0,0.0000,0.0000,0.0000,0.0000,0.0003,0.0001,0.0003,0.9616,500K
Q_1_likes,43,0,0.0002,0.0000,0.0007,0.0000,0.0038,0.0001,0.0038,3.9272,500K
Q_1_likes,44,0,0.0030,0.0001,0.0155,0.0000,0.0867,0.0017,0.0867,5.0991,500K
Q_1_likes,45,0,0.0004,0.0001,0.0016,0.0001,0.0089,0.0005,0.0089,3.7778,500K
Q_1_likes,46,0,0.0001,0.0001,0.0001,0.0001,0.0007,0.0001,0.0007,0.7766,500K
Q_1_likes,47,0,0.0001,0.0000,0.0001,0.0000,0.0008,0.0001,0.0008,1.8087,500K
Q_1_likes,48,0,0.0001,0.0000,0.0001,0.0000,0.0003,0.0001,0.0003,0.9759,500K
Q_1_likes,49,0,0.0001,0.0000,0.0001,0.0000,0.0003,0.0001,0.0003,0.9567,500K
Q_1_likes,50,0,0.0001,0.0000,0.0001,0.0000,0.0004,0.0001,0.0004,1.1089,500K
Q_1_likes,51,0,0.0001,0.0000,0.0004,0.0000,0.0020,0.0002,0.0020,3.1167,500K
Q_1_likes,52,0,0.0000,0.0000,0.0000,0.0000,0.0003,0.0001,0.0003,1.0260,500K
Q_1_likes,53,0,0.0002,0.0000,0.0007,0.0000,0.0039,0.0001,0.0039,4.0403,500K
Q_1_likes,54,0,0.0000,0.0000,0.0000,0.0000,0.0001,0.0000,0.0001,0.7492,500K
Q_1_likes,55,0,0.0000,0.0000,0.0001,0.0000,0.0003,0.0001,0.0003,1.2529,500K
Q_1_likes,56,0,0.0001,0.0000,0.0006,0.0000,0.0031,0.0001,0.0031,3.7582,500K
Q_1_likes,57,0,0.0000,0.0000,0.0000,0.0000,0.0002,0.0001,0.0002,0.7324,500K
Q_1_likes,58,0,0.0000,0.0000,0.0000,0.0000,0.0002,0.0001,0.0002,0.8703,500K
Q_1_likes,59,0,0.0000,0.0000,0.0000,0.0000,0.0001,0.0001,0.0001,0.6840,500K
Q_1_likes,60,0,0.0000,0.0000,0.0000,0.0000,0.0002,0.0001,0.0002,0.7115,500K
Q_1_likes,61,0,0.0001,0.0000,0.0004,0.0000,0.0025,0.0004,0.0025,2.9995,500K
Q_1_likes,62,0,0.0001,0.0000,0.0001,0.0000,0.0006,0.0001,0.0006,1.8916,500K
Q_1_likes,63,0,0.0000,0.0000,0.0000,0.0000,0.0001,0.0001,0.0001,0.5191,500K
Q_1_likes,64,0,0.0003,0.0001,0.0010,0.0000,0.0053,0.0020,0.0053,3.2906,500K
Q_1_nationality,0,88,0.0228,0.0185,0.0176,0.0152,0.1157,0.0302,0.1157,0.7740,500K
Q_1_nationality,1,9,0.0023,0.0010,0.0021,0.0008,0.0088,0.0077,0.0088,0.9269,500K
Q_1_nationality,2,0,0.0001,0.0001,0.0002,0.0000,0.0011,0.0001,0.0011,1.8428,500K
Q_1_nationality,3,0,0.0002,0.0000,0.0005,0.0000,0.0026,0.0009,0.0026,2.8557,500K
Q_1_nationality,4,36,0.0199,0.0159,0.0180,0.0056,0.1042,0.0368,0.1042,0.9056,500K
Q_1_nationality,5,0,0.0001,0.0000,0.0001,0.0000,0.0008,0.0001,0.0008,1.7873,500K
Q_1_nationality,6,1,0.0005,0.0002,0.0008,0.0002,0.0029,0.0028,0.0029,1.6945,500K
Q_1_nationality,7,0,0.0001,0.0001,0.0004,0.0000,0.0021,0.0003,0.0021,2.6534,500K
Q_1_nationality,8,3,0.0010,0.0004,0.0014,0.0003,0.0069,0.0040,0.0069,1.5063,500K
Q_1_nationality,9,2,0.0011,0.0003,0.0019,0.0003,0.0080,0.0073,0.0080,1.7928,500K
Q_1_nationality,10,8,0.0026,0.0009,0.0027,0.0008,0.0102,0.0084,0.0102,1.0505,500K
Q_1_nationality,11,2,0.0007,0.0003,0.0012,0.0003,0.0047,0.0041,0.0047,1.6124,500K
Q_1_nationality,12,0,0.0001,0.0001,0.0002,0.0000,0.0013,0.0001,0.0013,2.0228,500K
Q_1_nationality,13,4,0.0014,0.0005,0.0020,0.0004,0.0081,0.0058,0.0081,1.3932,500K
Q_1_nationality,14,2,0.0018,0.0003,0.0051,0.0003,0.0282,0.0065,0.0282,2.8204,500K
Q_1_nationality,15,7,0.0019,0.0008,0.0020,0.0007,0.0085,0.0064,0.0085,1.0626,500K
Q_1_nationality,16,0,0.0001,0.0000,0.0001,0.0000,0.0006,0.0001,0.0006,1.2259,500K
Q_1_nationality,17,1,0.0005,0.0002,0.0008,0.0002,0.0036,0.0033,0.0036,1.7369,500K
Q_1_nationality,18,1,0.0005,0.0002,0.0011,0.0002,0.0057,0.0030,0.0057,2.0800,500K
Q_1_nationality,19,2,0.0006,0.0003,0.0009,0.0003,0.0041,0.0035,0.0041,1.5760,500K
Q_1_nationality,20,0,0.0001,0.0001,0.0001,0.0000,0.0003,0.0003,0.0003,0.8372,500K
Q_1_nationality,21,0,0.0001,0.0001,0.0001,0.0000,0.0007,0.0001,0.0007,1.2964,500K
Q_1_nationality,22,162,0.0979,0.0408,0.1082,0.0317,0.4641,0.3415,0.4641,1.1046,500K
Q_1_nationality,23,2,0.0006,0.0003,0.0010,0.0003,0.0048,0.0033,0.0048,1.5820,500K
Q_1_nationality,24,1,0.0005,0.0002,0.0012,0.0002,0.0065,0.0018,0.0065,2.5186,500K
Q_1_nationality,25,1,0.0019,0.0002,0.0054,0.0002,0.0273,0.0147,0.0273,2.9230,500K
Q_1_nationality,26,2,0.0020,0.0003,0.0053,0.0003,0.0259,0.0153,0.0259,2.6625,500K
Q_1_nationality,27,3,0.0020,0.0005,0.0040,0.0004,0.0138,0.0137,0.0138,2.0237,500K
Q_1_nationality,28,0,0.0004,0.0001,0.0014,0.0000,0.0080,0.0006,0.0080,4.0732,500K
Q_1_nationality,29,0,0.0001,0.0001,0.0000,0.0000,0.0003,0.0001,0.0003,0.6327,500K
Q_1_nationality,30,6,0.0342,0.0008,0.1372,0.0006,0.7491,0.1938,0.7491,4.0103,500K
Q_1_nationality,31,6,0.0122,0.0007,0.0557,0.0006,0.3118,0.0078,0.3118,4.5473,500K
Q_1_nationality,32,2,0.0010,0.0003,0.0016,0.0003,0.0050,0.0050,0.0050,1.5587,500K
Q_1_nationality,33,14,0.0039,0.0038,0.0028,0.0014,0.0130,0.0089,0.0130,0.7268,500K
Q_1_nationality,34,2,0.0005,0.0003,0.0007,0.0003,0.0033,0.0024,0.0033,1.3590,500K
Q_1_nationality,35,1,0.0005,0.0002,0.0013,0.0002,0.0069,0.0028,0.0069,2.4923,500K
Q_1_nationality,36,1,0.0005,0.0002,0.0009,0.0002,0.0038,0.0034,0.0038,1.8080,500K
Q_1_nationality,37,4,0.0013,0.0005,0.0020,0.0004,0.0100,0.0051,0.0100,1.5129,500K
Q_1_nationality,38,3,0.0014,0.0004,0.0027,0.0003,0.0128,0.0075,0.0128,1.9173,500K
Q_1_nationality,39,17,0.0192,0.0047,0.0343,0.0017,0.1663,0.0808,0.1663,1.7864,500K
Q_1_nationality,40,57,0.0175,0.0154,0.0084,0.0105,0.0486,0.0387,0.0486,0.4781,500K
Q_1_nationality,41,30,0.0085,0.0071,0.0039,0.0055,0.0259,0.0163,0.0259,0.4658,500K
Q_1_nationality,42,0,0.0001,0.0001,0.0002,0.0000,0.0013,0.0001,0.0013,2.0793,500K
Q_1_nationality,43,1,0.0006,0.0002,0.0015,0.0002,0.0077,0.0035,0.0077,2.3217,500K
Q_1_nationality,44,13,0.0067,0.0042,0.0082,0.0013,0.0413,0.0235,0.0413,1.2205,500K
Q_1_nationality,45,3,0.0010,0.0004,0.0016,0.0003,0.0083,0.0035,0.0083,1.5710,500K
Q_1_nationality,46,1,0.0004,0.0002,0.0007,0.0002,0.0034,0.0028,0.0034,1.7205,500K
Q_1_nationality,47,1,0.0004,0.0002,0.0006,0.0002,0.0033,0.0016,0.0033,1.6887,500K
Q_1_nationality,48,1,0.0003,0.0002,0.0005,0.0002,0.0025,0.0015,0.0025,1.4808,500K
Q_1_nationality,49,3,0.0010,0.0004,0.0014,0.0003,0.0060,0.0038,0.0060,1.4020,500K
Q_1_nationality,50,3,0.0011,0.0004,0.0017,0.0004,0.0071,0.0063,0.0071,1.5292,500K
Q_1_nationality,51,0,0.0001,0.0001,0.0002,0.0000,0.0013,0.0001,0.0013,2.0715,500K
Q_1_nationality,52,3,0.0028,0.0004,0.0110,0.0003,0.0618,0.0038,0.0618,3.9449,500K
Q_1_subscribes,0,29,0.0104,0.0067,0.0136,0.0053,0.0805,0.0253,0.0805,1.3007,500K
Q_1_subscribes,1,0,0.0001,0.0001,0.0001,0.0000,0.0009,0.0001,0.0009,1.5530,500K
Q_1_subscribes,2,0,0.0001,0.0000,0.0001,0.0000,0.0005,0.0002,0.0005,1.0819,500K
Q_1_subscribes,3,0,0.0004,0.0000,0.0020,0.0000,0.0112,0.0001,0.0112,4.6495,500K
Q_1_subscribes,4,26,0.0139,0.0063,0.0280,0.0027,0.1460,0.0808,0.1460,2.0201,500K
Q_1_subscribes,5,0,0.0001,0.0000,0.0001,0.0000,0.0006,0.0001,0.0006,1.4728,500K
Q_1_subscribes,6,0,0.0002,0.0000,0.0006,0.0000,0.0035,0.0001,0.0035,3.5454,500K
Q_1_subscribes,7,0,0.0002,0.0002,0.0003,0.0001,0.0020,0.0003,0.0020,1.4473,500K
Q_1_subscribes,8,0,0.0001,0.0000,0.0002,0.0000,0.0013,0.0001,0.0013,2.3340,500K
Q_1_subscribes,9,0,0.0008,0.0000,0.0032,0.0000,0.0176,0.0035,0.0176,4.2059,500K
Q_1_subscribes,10,0,0.0001,0.0000,0.0005,0.0000,0.0028,0.0001,0.0028,3.4219,500K
Q_1_subscribes,11,0,0.0006,0.0000,0.0024,0.0000,0.0136,0.0019,0.0136,4.3714,500K
Q_1_subscribes,12,0,0.0001,0.0000,0.0005,0.0000,0.0027,0.0001,0.0027,3.5912,500K
Q_1_subscribes,13,0,0.0003,0.0001,0.0013,0.0000,0.0073,0.0002,0.0073,4.1925,500K
Q_1_subscribes,14,0,0.0001,0.0000,0.0001,0.0000,0.0008,0.0001,0.0008,1.6536,500K
Q_1_subscribes,15,0,0.0001,0.0000,0.0001,0.0000,0.0004,0.0001,0.0004,1.0884,500K
Q_1_subscribes,16,0,0.0001,0.0001,0.0002,0.0000,0.0009,0.0001,0.0009,1.5642,500K
Q_1_subscribes,17,0,0.0002,0.0001,0.0006,0.0000,0.0037,0.0001,0.0037,3.5308,500K
Q_1_subscribes,18,0,0.0002,0.0000,0.0006,0.0000,0.0033,0.0001,0.0033,3.4540,500K
Q_1_subscribes,19,0,0.0003,0.0001,0.0014,0.0000,0.0078,0.0001,0.0078,4.2532,500K
Q_1_subscribes,20,0,0.0004,0.0001,0.0015,0.0000,0.0086,0.0001,0.0086,4.3897,500K
Q_1_subscribes,21,0,0.0028,0.0002,0.0139,0.0001,0.0775,0.0013,0.0775,5.0034,500K
Q_1_subscribes,22,0,0.0003,0.0000,0.0012,0.0000,0.0070,0.0001,0.0070,4.4485,500K
Q_1_subscribes,23,22,0.0074,0.0048,0.0068,0.0021,0.0273,0.0262,0.0273,0.9149,500K
Q_1_subscribes,24,0,0.0002,0.0000,0.0007,0.0000,0.0038,0.0001,0.0038,3.5572,500K
Q_1_subscribes,25,0,0.0004,0.0000,0.0012,0.0000,0.0058,0.0032,0.0058,3.2719,500K
Q_1_subscribes,26,0,0.0001,0.0000,0.0000,0.0000,0.0003,0.0001,0.0003,0.7585,500K
Q_1_subscribes,27,0,0.0013,0.0000,0.0061,0.0000,0.0343,0.0020,0.0343,4.8826,500K
Q_1_subscribes,28,0,0.0001,0.0000,0.0001,0.0000,0.0004,0.0001,0.0004,1.0398,500K
Q_1_subscribes,29,0,0.0002,0.0001,0.0007,0.0000,0.0042,0.0001,0.0042,3.6595,500K
Q_1_subscribes,30,0,0.0001,0.0001,0.0001,0.0000,0.0005,0.0001,0.0005,0.9232,500K
Q_1_subscribes,31,0,0.0001,0.0000,0.0001,0.0000,0.0004,0.0001,0.0004,0.9702,500K
Q_1_subscribes,32,0,0.0002,0.0000,0.0008,0.0000,0.0043,0.0005,0.0043,3.5278,500K
Q_1_subscribes,33,0,0.0001,0.0000,0.0000,0.0000,0.0001,0.0001,0.0001,0.4661,500K
Q_1_subscribes,34,0,0.0002,0.0001,0.0005,0.0000,0.0028,0.0003,0.0028,2.9915,500K
Q_1_subscribes,35,0,0.0001,0.0000,0.0001,0.0000,0.0005,0.0001,0.0005,1.2078,500K
Q_1_subscribes,36,0,0.0001,0.0000,0.0001,0.0000,0.0003,0.0001,0.0003,0.9164,500K
Q_1_subscribes,37,0,0.0001,0.0000,0.0005,0.0000,0.0028,0.0003,0.0028,3.7585,500K
Q_1_subscribes,38,0,0.0001,0.0000,0.0001,0.0000,0.0003,0.0001,0.0003,0.8940,500K
Q_1_subscribes,39,0,0.0002,0.0000,0.0007,0.0000,0.0032,0.0022,0.0032,2.8904,500K
Q_1_subscribes,40,0,0.0001,0.0000,0.0001,0.0000,0.0005,0.0001,0.0005,1.2177,500K
Q_1_subscribes,41,0,0.0002,0.0000,0.0005,0.0000,0.0027,0.0005,0.0027,2.9343,500K
Q_1_subscribes,42,0,0.0001,0.0000,0.0001,0.0000,0.0004,0.0001,0.0004,0.9084,500K
Q_1_subscribes,43,0,0.0001,0.0000,0.0001,0.0000,0.0006,0.0001,0.0006,1.4949,500K
Q_1_subscribes,44,0,0.0001,0.0001,0.0004,0.0000,0.0023,0.0003,0.0023,2.7743,500K
Q_1_subscribes,45,0,0.0001,0.0000,0.0000,0.0000,0.0002,0.0001,0.0002,0.5510,500K
Q_1_subscribes,46,0,0.0003,0.0000,0.0008,0.0000,0.0041,0.0023,0.0041,3.1325,500K
Q_1_subscribes,47,0,0.0000,0.0000,0.0000,0.0000,0.0001,0.0001,0.0001,0.3772,500K
Q_1_subscribes,48,24,0.0062,0.0051,0.0042,0.0023,0.0258,0.0127,0.0258,0.6809,500K
Q_1_subscribes,49,32,0.0083,0.0058,0.0062,0.0050,0.0328,0.0230,0.0328,0.7432,500K
Q_1_subscribes,50,0,0.0002,0.0001,0.0005,0.0000,0.0028,0.0008,0.0028,2.8048,500K
Q_1_subscribes,51,0,0.0002,0.0001,0.0006,0.0000,0.0033,0.0001,0.0033,3.2659,500K
Q_1_subscribes,52,0,0.0003,0.0000,0.0012,0.0000,0.0062,0.0027,0.0062,3.3983,500K
Q_1_subscribes,53,0,0.0001,0.0000,0.0001,0.0000,0.0005,0.0001,0.0005,1.2887,500K
Q_1_subscribes,54,0,0.0002,0.0000,0.0006,0.0000,0.0034,0.0004,0.0034,3.4435,500K
Q_1_subscribes,55,0,0.0001,0.0001,0.0002,0.0000,0.0011,0.0004,0.0011,1.4549,500K
Q_1_subscribes,56,0,0.0004,0.0001,0.0016,0.0000,0.0089,0.0001,0.0089,4.3471,500K
Q_1_subscribes,57,0,0.0002,0.0001,0.0007,0.0000,0.0028,0.0027,0.0028,2.7636,500K
Q_1_subscribes,58,0,0.0001,0.0000,0.0001,0.0000,0.0005,0.0002,0.0005,1.0892,500K
Q_1_subscribes,59,0,0.0002,0.0001,0.0010,0.0000,0.0054,0.0003,0.0054,3.9346,500K
Q_1_subscribes,60,0,0.0000,0.0000,0.0000,0.0000,0.0001,0.0001,0.0001,0.7335,500K
Q_1_subscribes,61,0,0.0001,0.0000,0.0001,0.0000,0.0006,0.0001,0.0006,1.2429,500K
Q_1_subscribes,62,0,0.0002,0.0000,0.0008,0.0000,0.0048,0.0001,0.0048,4.1079,500K
Q_1_subscribes,63,0,0.0001,0.0001,0.0001,0.0000,0.0007,0.0001,0.0007,1.2848,500K
Q_2_includes_eligibleRegion,0,0,0.0008,0.0001,0.0036,0.0001,0.0200,0.0010,0.0200,4.4761,500K
Q_2_includes_eligibleRegion,1,0,0.0004,0.0001,0.0015,0.0001,0.0084,0.0002,0.0084,3.8871,500K
Q_2_includes_eligibleRegion,2,0,0.0002,0.0001,0.0006,0.0001,0.0032,0.0001,0.0032,2.6770,500K
Q_2_includes_eligibleRegion,3,0,0.0002,0.0001,0.0005,0.0001,0.0027,0.0011,0.0027,2.2349,500K
Q_2_includes_eligibleRegion,4,0,0.0153,0.0139,0.0053,0.0085,0.0343,0.0292,0.0343,0.3475,500K
Q_2_includes_eligibleRegion,5,0,0.0003,0.0001,0.0006,0.0001,0.0027,0.0020,0.0027,2.1921,500K
Q_2_includes_eligibleRegion,6,0,0.0002,0.0001,0.0002,0.0001,0.0013,0.0002,0.0013,1.3863,500K
Q_2_includes_eligibleRegion,7,0,0.0002,0.0001,0.0004,0.0001,0.0021,0.0010,0.0021,1.8741,500K
Q_2_includes_eligibleRegion,8,0,0.0001,0.0001,0.0001,0.0001,0.0007,0.0002,0.0007,0.8164,500K
Q_2_includes_eligibleRegion,9,0,0.0002,0.0001,0.0005,0.0001,0.0028,0.0006,0.0028,2.2022,500K
Q_2_includes_eligibleRegion,10,0,0.0008,0.0001,0.0035,0.0001,0.0198,0.0009,0.0198,4.3262,500K
Q_2_includes_eligibleRegion,11,0,0.0118,0.0108,0.0048,0.0078,0.0352,0.0156,0.0352,0.4069,500K
Q_2_includes_eligibleRegion,12,0,0.0002,0.0001,0.0006,0.0001,0.0033,0.0002,0.0033,2.5668,500K
Q_2_includes_eligibleRegion,13,0,0.0002,0.0001,0.0008,0.0001,0.0045,0.0001,0.0045,3.1431,500K
Q_2_includes_eligibleRegion,14,0,0.0003,0.0001,0.0009,0.0000,0.0046,0.0028,0.0046,2.6935,500K
Q_2_includes_eligibleRegion,15,0,0.0002,0.0001,0.0007,0.0001,0.0042,0.0002,0.0042,3.0328,500K
Q_2_includes_eligibleRegion,16,0,0.0002,0.0001,0.0005,0.0001,0.0026,0.0015,0.0026,2.1477,500K
Q_2_includes_eligibleRegion,17,0,0.0002,0.0001,0.0002,0.0001,0.0010,0.0002,0.0010,1.0721,500K
Q_2_includes_eligibleRegion,18,0,0.0003,0.0001,0.0007,0.0001,0.0036,0.0020,0.0036,2.4593,500K
Q_2_includes_eligibleRegion,19,0,0.0002,0.0001,0.0002,0.0001,0.0013,0.0002,0.0013,1.3370,500K
Q_2_includes_eligibleRegion,20,0,0.0001,0.0001,0.0002,0.0001,0.0011,0.0002,0.0011,1.2721,500K
Q_2_includes_eligibleRegion,21,0,0.0001,0.0001,0.0001,0.0001,0.0005,0.0002,0.0005,0.6445,500K
Q_2_includes_eligibleRegion,22,0,0.0001,0.0001,0.0002,0.0001,0.0011,0.0002,0.0011,1.2622,500K
Q_2_includes_eligibleRegion,23,0,0.0006,0.0001,0.0021,0.0001,0.0114,0.0040,0.0114,3.3747,500K
Q_2_includes_eligibleRegion,24,0,0.0001,0.0001,0.0002,0.0001,0.0013,0.0002,0.0013,1.4240,500K
Q_2_includes_eligibleRegion,25,0,0.0002,0.0001,0.0005,0.0001,0.0028,0.0015,0.0028,2.2480,500K
Q_2_includes_eligibleRegion,26,0,0.0867,0.0780,0.0281,0.0595,0.1887,0.1565,0.1887,0.3239,500K
Q_2_includes_eligibleRegion,27,0,0.0001,0.0001,0.0002,0.0001,0.0013,0.0002,0.0013,1.4554,500K
Q_2_includes_eligibleRegion,28,0,0.0002,0.0001,0.0004,0.0001,0.0021,0.0010,0.0021,1.9340,500K
Q_2_includes_eligibleRegion,29,0,0.0002,0.0001,0.0006,0.0001,0.0037,0.0001,0.0037,2.9294,500K
Q_2_includes_eligibleRegion,30,0,0.0004,0.0001,0.0011,0.0001,0.0058,0.0019,0.0058,2.9544,500K
Q_2_includes_eligibleRegion,31,0,0.0001,0.0001,0.0001,0.0001,0.0009,0.0002,0.0009,1.1006,500K
Q_2_includes_eligibleRegion,32,0,0.0002,0.0001,0.0003,0.0001,0.0017,0.0002,0.0017,1.7628,500K
Q_2_includes_eligibleRegion,33,0,0.0001,0.0001,0.0001,0.0001,0.0008,0.0002,0.0008,0.9645,500K
Q_2_includes_eligibleRegion,34,0,0.0002,0.0001,0.0003,0.0001,0.0018,0.0006,0.0018,1.6468,500K
Q_2_includes_eligibleRegion,35,0,0.0001,0.0001,0.0001,0.0001,0.0005,0.0002,0.0005,0.6823,500K
Q_2_includes_eligibleRegion,36,0,0.0001,0.0001,0.0001,0.0001,0.0005,0.0001,0.0005,0.6304,500K
Q_2_includes_eligibleRegion,37,0,0.0003,0.0001,0.0008,0.0001,0.0048,0.0009,0.0048,2.7920,500K
Q_2_includes_eligibleRegion,38,0,0.0001,0.0001,0.0001,0.0001,0.0005,0.0002,0.0005,0.5782,500K
Q_2_includes_eligibleRegion,39,0,0.0002,0.0001,0.0004,0.0001,0.0024,0.0007,0.0024,2.1130,500K
Q_2_includes_eligibleRegion,40,0,0.0002,0.0001,0.0005,0.0001,0.0030,0.0002,0.0030,2.5640,500K
Q_2_includes_eligibleRegion,41,0,0.0003,0.0001,0.0007,0.0000,0.0035,0.0018,0.0035,2.4146,500K
Q_2_includes_eligibleRegion,42,0,0.0002,0.0001,0.0005,0.0001,0.0031,0.0002,0.0031,2.6406,500K
Q_2_includes_eligibleRegion,43,0,0.0003,0.0001,0.0011,0.0001,0.0062,0.0002,0.0062,3.5031,500K
Q_2_includes_eligibleRegion,44,0,0.0003,0.0001,0.0006,0.0001,0.0033,0.0014,0.0033,2.1852,500K
Q_2_includes_eligibleRegion,45,0,0.0001,0.0001,0.0001,0.0001,0.0008,0.0002,0.0008,0.9264,500K
Q_2_includes_eligibleRegion,46,0,0.0002,0.0001,0.0001,0.0001,0.0009,0.0002,0.0009,0.9841,500K
Q_2_includes_eligibleRegion,47,0,0.0002,0.0001,0.0007,0.0001,0.0038,0.0002,0.0038,2.9084,500K
Q_2_includes_eligibleRegion,48,0,0.0002,0.0001,0.0005,0.0001,0.0028,0.0009,0.0028,2.1605,500K
Q_2_includes_eligibleRegion,49,0,0.0001,0.0001,0.0001,0.0001,0.0008,0.0003,0.0008,0.8823,500K
Q_2_includes_eligibleRegion,50,0,0.0002,0.0001,0.0004,0.0001,0.0024,0.0005,0.0024,2.2263,500K
Q_2_includes_eligibleRegion,51,0,0.0001,0.0001,0.0001,0.0001,0.0005,0.0002,0.0005,0.6384,500K
Q_2_includes_eligibleRegion,52,0,0.0001,0.0001,0.0001,0.0001,0.0003,0.0002,0.0003,0.4115,500K
Q_2_includes_eligibleRegion,53,0,0.0001,0.0001,0.0001,0.0001,0.0006,0.0002,0.0006,0.6106,500K
Q_2_includes_eligibleRegion,54,0,0.0002,0.0001,0.0002,0.0001,0.0011,0.0002,0.0011,1.2075,500K
Q_2_includes_eligibleRegion,55,0,0.0003,0.0001,0.0006,0.0001,0.0027,0.0024,0.0027,2.1813,500K
Q_2_includes_eligibleRegion,56,0,0.0001,0.0001,0.0001,0.0001,0.0005,0.0002,0.0005,0.5354,500K
Q_2_includes_eligibleRegion,57,0,0.0002,0.0001,0.0003,0.0001,0.0018,0.0007,0.0018,1.6443,500K
Q_2_includes_eligibleRegion,58,0,0.0001,0.0001,0.0001,0.0001,0.0008,0.0002,0.0008,0.8087,500K
Q_2_includes_eligibleRegion,59,0,0.0001,0.0001,0.0001,0.0001,0.0008,0.0002,0.0008,0.9550,500K
Q_2_includes_eligibleRegion,60,0,0.0001,0.0001,0.0001,0.0001,0.0004,0.0002,0.0004,0.4391,500K
Q_2_includes_eligibleRegion,61,0,0.0002,0.0001,0.0005,0.0001,0.0026,0.0008,0.0026,2.0566,500K
Q_2_includes_eligibleRegion,62,0,0.3492,0.1919,0.4332,0.1375,1.8703,1.8339,1.8703,1.2404,500K
Q_2_includes_eligibleRegion,63,0,0.0002,0.0001,0.0005,0.0001,0.0029,0.0002,0.0029,2.5446,500K
Q_2_includes_eligibleRegion,64,0,0.0006,0.0001,0.0019,0.0001,0.0086,0.0063,0.0086,2.9522,500K
Q_2_includes_eligibleRegion,65,0,0.0006,0.0001,0.0018,0.0000,0.0102,0.0028,0.0102,3.3086,500K
Q_2_includes_eligibleRegion,66,0,0.0003,0.0001,0.0010,0.0001,0.0057,0.0001,0.0057,3.4930,500K
Q_2_includes_eligibleRegion,67,0,0.0002,0.0001,0.0004,0.0001,0.0020,0.0008,0.0020,1.8548,500K
Q_2_includes_eligibleRegion,68,0,0.0001,0.0001,0.0001,0.0001,0.0008,0.0002,0.0008,0.9520,500K
Q_2_includes_eligibleRegion,69,0,0.0003,0.0001,0.0006,0.0001,0.0036,0.0008,0.0036,2.4363,500K
Q_2_includes_eligibleRegion,70,0,0.0001,0.0001,0.0001,0.0001,0.0009,0.0002,0.0009,1.1646,500K
Q_2_includes_eligibleRegion,71,0,0.0002,0.0001,0.0003,0.0001,0.0020,0.0002,0.0020,1.9481,500K
Q_2_includes_eligibleRegion,72,0,0.0001,0.0001,0.0001,0.0001,0.0006,0.0002,0.0006,0.7134,500K
Q_2_includes_eligibleRegion,73,0,0.0002,0.0001,0.0004,0.0001,0.0024,0.0006,0.0024,2.1107,500K
Q_2_includes_eligibleRegion,74,0,0.0002,0.0001,0.0005,0.0001,0.0029,0.0002,0.0029,2.4504,500K
Q_2_includes_eligibleRegion,75,0,0.0001,0.0001,0.0001,0.0001,0.0009,0.0002,0.0009,1.0018,500K
Q_2_includes_eligibleRegion,76,0,0.0002,0.0001,0.0004,0.0001,0.0022,0.0010,0.0022,1.7963,500K
Q_2_includes_eligibleRegion,77,0,0.0001,0.0001,0.0001,0.0001,0.0005,0.0002,0.0005,0.6740,500K
Q_2_includes_eligibleRegion,78,0,0.0002,0.0001,0.0005,0.0001,0.0027,0.0004,0.0027,2.1953,500K
Q_2_includes_eligibleRegion,79,0,0.0001,0.0001,0.0001,0.0001,0.0005,0.0002,0.0005,0.6291,500K
Q_2_includes_eligibleRegion,80,0,0.0014,0.0001,0.0064,0.0001,0.0359,0.0029,0.0359,4.4913,500K
Q_2_includes_eligibleRegion,81,0,0.0183,0.0123,0.0109,0.0071,0.0484,0.0360,0.0484,0.5947,500K
Q_2_includes_eligibleRegion,82,0,0.0119,0.0103,0.0046,0.0075,0.0295,0.0234,0.0295,0.3894,500K
Q_2_includes_eligibleRegion,83,0,0.0002,0.0001,0.0006,0.0001,0.0032,0.0002,0.0032,2.5189,500K
Q_2_includes_eligibleRegion,84,0,0.0001,0.0001,0.0001,0.0001,0.0007,0.0001,0.0007,0.9429,500K
Q_2_includes_eligibleRegion,85,0,0.0003,0.0001,0.0007,0.0001,0.0035,0.0017,0.0035,2.3025,500K
Q_2_includes_eligibleRegion,86,0,0.0001,0.0001,0.0001,0.0001,0.0007,0.0002,0.0007,0.7655,500K
Q_2_includes_eligibleRegion,87,0,0.0002,0.0001,0.0004,0.0001,0.0020,0.0015,0.0020,1.8564,500K
Q_2_includes_eligibleRegion,88,0,0.0002,0.0001,0.0003,0.0001,0.0017,0.0002,0.0017,1.6501,500K
Q_2_includes_eligibleRegion,89,0,0.0002,0.0001,0.0007,0.0001,0.0041,0.0002,0.0041,2.9323,500K
Q_2_includes_eligibleRegion,90,0,0.0002,0.0001,0.0004,0.0001,0.0023,0.0004,0.0023,2.0065,500K
Q_2_includes_eligibleRegion,91,0,0.0002,0.0001,0.0003,0.0001,0.0018,0.0001,0.0018,1.9205,500K
Q_2_includes_eligibleRegion,92,0,0.0002,0.0001,0.0005,0.0001,0.0025,0.0014,0.0025,2.0778,500K
Q_2_includes_eligibleRegion,93,0,0.0001,0.0001,0.0002,0.0001,0.0011,0.0002,0.0011,1.2238,500K
Q_2_includes_eligibleRegion,94,0,0.0003,0.0001,0.0007,0.0001,0.0038,0.0018,0.0038,2.4826,500K
Q_2_includes_eligibleRegion,95,0,0.0002,0.0001,0.0002,0.0001,0.0012,0.0002,0.0012,1.2745,500K
Q_2_includes_eligibleRegion,96,0,0.0002,0.0001,0.0005,0.0001,0.0025,0.0013,0.0025,2.0614,500K
Q_2_includes_eligibleRegion,97,0,0.0002,0.0001,0.0004,0.0000,0.0022,0.0002,0.0022,2.1651,500K
Q_2_includes_eligibleRegion,98,0,0.0001,0.0001,0.0001,0.0001,0.0007,0.0002,0.0007,0.8542,500K
Q_2_includes_eligibleRegion,99,0,0.0002,0.0001,0.0006,0.0001,0.0031,0.0015,0.0031,2.3925,500K
Q_2_likes_nationality,0,3,5.1872,4.1971,2.0613,3.3364,12.4986,9.5018,12.4986,0.3974,500K
Q_2_likes_nationality,1,0,0.3441,0.2740,0.2051,0.2607,1.3478,0.5882,1.3478,0.5960,500K
Q_2_likes_nationality,2,0,0.0002,0.0001,0.0005,0.0001,0.0023,0.0021,0.0023,2.1520,500K
Q_2_likes_nationality,3,0,0.4459,0.3710,0.2092,0.3415,1.3578,0.8896,1.3578,0.4691,500K
Q_2_likes_nationality,4,0,0.0899,0.0788,0.0294,0.0737,0.1851,0.1783,0.1851,0.3277,500K
Q_2_likes_nationality,5,0,0.0385,0.0384,0.0022,0.0351,0.0465,0.0428,0.0465,0.0575,500K
Q_2_likes_nationality,6,0,0.0002,0.0001,0.0003,0.0001,0.0018,0.0009,0.0018,1.8253,500K
Q_2_likes_nationality,7,0,0.0002,0.0001,0.0006,0.0001,0.0036,0.0001,0.0036,2.8471,500K
Q_2_likes_nationality,8,0,0.0002,0.0001,0.0003,0.0001,0.0019,0.0005,0.0019,1.8639,500K
Q_2_likes_nationality,9,0,0.0836,0.0780,0.0176,0.0737,0.1530,0.1411,0.1530,0.2107,500K
Q_2_likes_nationality,10,0,0.0380,0.0377,0.0015,0.0357,0.0414,0.0408,0.0414,0.0401,500K
Q_2_likes_nationality,11,1,0.7486,0.5651,0.4303,0.5317,2.4694,1.6693,2.4694,0.5747,500K
Q_2_likes_nationality,12,0,0.0009,0.0001,0.0041,0.0001,0.0228,0.0002,0.0228,4.7156,500K
Q_2_likes_nationality,13,0,0.0011,0.0001,0.0052,0.0001,0.0293,0.0015,0.0293,4.6533,500K
Q_2_likes_nationality,14,0,0.0001,0.0001,0.0001,0.0001,0.0006,0.0002,0.0006,0.7819,500K
Q_2_likes_nationality,15,2,2.8100,2.2706,1.3474,1.4099,5.8960,5.3836,5.8960,0.4795,500K
Q_2_likes_nationality,16,0,0.0521,0.0515,0.0040,0.0463,0.0636,0.0611,0.0636,0.0773,500K
Q_2_likes_nationality,17,0,0.0499,0.0486,0.0128,0.0372,0.1133,0.0620,0.1133,0.2572,500K
Q_2_likes_nationality,18,8,9.6633,9.6335,1.6709,6.6048,13.0279,12.5210,13.0279,0.1729,500K
Q_2_likes_nationality,19,0,0.3096,0.2474,0.0917,0.2272,0.4924,0.4735,0.4924,0.2963,500K
Q_2_likes_nationality,20,0,0.2553,0.2727,0.1034,0.1526,0.5174,0.5155,0.5174,0.4051,500K
Q_2_likes_nationality,21,0,0.0427,0.0430,0.0035,0.0368,0.0518,0.0514,0.0518,0.0829,500K
Q_2_likes_nationality,22,0,0.1337,0.0824,0.1444,0.0765,0.7933,0.4195,0.7933,1.0804,500K
Q_2_likes_nationality,23,0,0.1014,0.0905,0.0496,0.0771,0.3557,0.1648,0.3557,0.4888,500K
Q_2_likes_nationality,24,4,2.9251,2.4516,0.9572,2.1823,5.3924,5.1950,5.3924,0.3272,500K
Q_2_likes_nationality,25,0,0.2289,0.1465,0.2998,0.1140,1.6830,0.7674,1.6830,1.3100,500K
Q_2_likes_nationality,26,4,1.5017,1.2259,0.6475,1.1438,3.7269,3.5839,3.7269,0.4312,500K
Q_2_likes_nationality,27,0,0.0910,0.0643,0.0670,0.0435,0.3600,0.2418,0.3600,0.7368,500K
Q_2_likes_nationality,28,0,0.0003,0.0001,0.0009,0.0000,0.0052,0.0001,0.0052,3.3951,500K
Q_2_likes_nationality,29,1,0.1181,0.1155,0.0093,0.1098,0.1538,0.1426,0.1538,0.0791,500K
Q_2_likes_nationality,30,0,0.0398,0.0393,0.0028,0.0358,0.0480,0.0469,0.0480,0.0696,500K
Q_2_likes_nationality,31,0,0.0781,0.0777,0.0045,0.0733,0.0995,0.0835,0.0995,0.0577,500K
Q_2_likes_nationality,32,0,0.0002,0.0001,0.0004,0.0000,0.0024,0.0008,0.0024,2.1374,500K
Q_2_likes_nationality,33,0,0.3384,0.2450,0.1838,0.2298,0.9491,0.9236,0.9491,0.5431,500K
Q_2_likes_nationality,34,0,0.0003,0.0001,0.0011,0.0000,0.0060,0.0001,0.0060,3.5552,500K
Q_2_likes_nationality,35,0,0.0830,0.0821,0.0048,0.0760,0.0936,0.0933,0.0936,0.0580,500K
Q_2_likes_nationality,36,0,0.0001,0.0001,0.0002,0.0000,0.0011,0.0001,0.0011,1.3951,500K
Q_2_likes_nationality,37,0,0.0403,0.0403,0.0026,0.0360,0.0473,0.0446,0.0473,0.0645,500K
Q_2_likes_nationality,38,0,0.0979,0.0652,0.1092,0.0423,0.5158,0.4675,0.5158,1.1155,500K
Q_2_likes_nationality,39,0,0.1580,0.1560,0.0090,0.1475,0.1953,0.1766,0.1953,0.0567,500K
Q_2_likes_nationality,40,0,0.0939,0.0500,0.1686,0.0362,0.9838,0.1982,0.9838,1.7944,500K
Q_2_likes_nationality,41,0,0.1193,0.1183,0.0055,0.1135,0.1425,0.1276,0.1425,0.0465,500K
Q_2_likes_nationality,42,2,0.3209,0.2299,0.2243,0.1908,1.2312,0.8196,1.2312,0.6989,500K
Q_2_likes_nationality,43,1,0.3445,0.2431,0.3008,0.2215,1.6537,1.1508,1.6537,0.8731,500K
Q_2_likes_nationality,44,0,0.1102,0.0945,0.0401,0.0793,0.2515,0.1865,0.2515,0.3642,500K
Q_2_likes_nationality,45,0,0.2696,0.1936,0.2199,0.1045,0.9562,0.7448,0.9562,0.8158,500K
Q_2_likes_nationality,46,0,0.0636,0.0496,0.0501,0.0407,0.3217,0.1051,0.3217,0.7874,500K
Q_2_likes_nationality,47,0,0.0500,0.0495,0.0060,0.0419,0.0767,0.0606,0.0767,0.1206,500K
Q_2_likes_nationality,48,0,0.0002,0.0001,0.0006,0.0001,0.0030,0.0014,0.0030,2.2512,500K
Q_2_likes_nationality,49,1,0.1909,0.1458,0.1941,0.0902,1.1533,0.4082,1.1533,1.0168,500K
Q_2_likes_nationality,50,0,0.0002,0.0001,0.0003,0.0001,0.0017,0.0002,0.0017,1.8621,500K
Q_2_likes_nationality,51,0,0.0002,0.0001,0.0005,0.0001,0.0026,0.0004,0.0026,2.3366,500K
Q_2_likes_nationality,52,1,0.7171,0.4670,0.5338,0.3525,2.3900,2.1068,2.3900,0.7444,500K
Q_2_subscribes_likes,0,0,0.0021,0.0001,0.0105,0.0001,0.0584,0.0025,0.0584,4.9131,500K
Q_2_subscribes_likes,1,0,0.0004,0.0001,0.0014,0.0000,0.0078,0.0001,0.0078,3.8859,500K
Q_2_subscribes_likes,2,0,0.0007,0.0001,0.0026,0.0001,0.0145,0.0031,0.0145,3.7067,500K
Q_2_subscribes_likes,3,0,0.0001,0.0001,0.0002,0.0000,0.0010,0.0001,0.0010,1.3432,500K
Q_2_subscribes_likes,4,0,0.0006,0.0001,0.0028,0.0001,0.0158,0.0002,0.0158,4.4952,500K
Q_2_subscribes_likes,5,0,0.0006,0.0001,0.0020,0.0000,0.0099,0.0056,0.0099,3.2333,500K
Q_2_subscribes_likes,6,0,0.0003,0.0001,0.0012,0.0000,0.0069,0.0002,0.0069,3.7098,500K
Q_2_subscribes_likes,7,0,0.0006,0.0001,0.0023,0.0000,0.0128,0.0026,0.0128,3.7760,500K
Q_2_subscribes_likes,8,0,0.0003,0.0001,0.0007,0.0001,0.0043,0.0002,0.0043,2.9172,500K
Q_2_subscribes_likes,9,0,0.0004,0.0001,0.0011,0.0001,0.0052,0.0034,0.0052,2.7462,500K
Q_2_subscribes_likes,10,0,0.0007,0.0001,0.0032,0.0001,0.0180,0.0002,0.0180,4.5127,500K
Q_2_subscribes_likes,11,0,0.0003,0.0001,0.0009,0.0001,0.0042,0.0030,0.0042,2.5624,500K
Q_2_subscribes_likes,12,0,0.0005,0.0001,0.0022,0.0001,0.0122,0.0002,0.0122,4.2121,500K
Q_2_subscribes_likes,13,0,0.0008,0.0001,0.0029,0.0001,0.0162,0.0040,0.0162,3.7997,500K
Q_2_subscribes_likes,14,0,0.0002,0.0001,0.0006,0.0001,0.0033,0.0009,0.0033,2.3348,500K
Q_2_subscribes_likes,15,0,0.0004,0.0001,0.0018,0.0001,0.0100,0.0002,0.0100,4.0605,500K
Q_2_subscribes_likes,16,0,0.0004,0.0001,0.0010,0.0000,0.0043,0.0040,0.0043,2.6577,500K
Q_2_subscribes_likes,17,0,0.0005,0.0001,0.0019,0.0001,0.0105,0.0002,0.0105,4.0130,500K
Q_2_subscribes_likes,18,0,0.0005,0.0001,0.0016,0.0001,0.0089,0.0026,0.0089,3.3223,500K
Q_2_subscribes_likes,19,0,0.0001,0.0001,0.0001,0.0001,0.0004,0.0002,0.0004,0.4961,500K
Q_2_subscribes_likes,20,0,0.0007,0.0001,0.0023,0.0001,0.0118,0.0055,0.0118,3.3305,500K
Q_2_subscribes_likes,21,0,0.0001,0.0001,0.0000,0.0001,0.0002,0.0002,0.0002,0.2579,500K
Q_2_subscribes_likes,22,0,0.0002,0.0001,0.0005,0.0000,0.0029,0.0002,0.0029,2.3861,500K
Q_2_subscribes_likes,23,0,0.0004,0.0001,0.0011,0.0000,0.0059,0.0023,0.0059,2.8522,500K
Q_2_subscribes_likes,24,0,0.0001,0.0001,0.0001,0.0001,0.0005,0.0002,0.0005,0.6366,500K
Q_2_subscribes_likes,25,0,0.0005,0.0001,0.0013,0.0000,0.0058,0.0051,0.0058,2.8662,500K
Q_2_subscribes_likes,26,0,0.0001,0.0001,0.0001,0.0001,0.0005,0.0002,0.0005,0.5543,500K
Q_2_subscribes_likes,27,0,0.0004,0.0001,0.0009,0.0001,0.0039,0.0034,0.0039,2.4855,500K
Q_2_subscribes_likes,28,0,0.0005,0.0001,0.0020,0.0001,0.0110,0.0002,0.0110,4.1414,500K
Q_2_subscribes_likes,29,0,0.0002,0.0001,0.0005,0.0000,0.0032,0.0003,0.0032,2.3602,500K
Q_2_subscribes_likes,30,0,0.0004,0.0001,0.0015,0.0001,0.0085,0.0002,0.0085,3.8107,500K
Q_2_subscribes_likes,31,0,0.0004,0.0001,0.0011,0.0001,0.0053,0.0033,0.0053,2.7924,500K
Q_2_subscribes_likes,32,0,0.0003,0.0001,0.0011,0.0001,0.0064,0.0002,0.0064,3.4426,500K
Q_2_subscribes_likes,33,0,0.0001,0.0001,0.0001,0.0000,0.0004,0.0002,0.0004,0.5566,500K
Q_2_subscribes_likes,34,0,0.0003,0.0001,0.0010,0.0000,0.0056,0.0002,0.0056,3.3525,500K
Q_2_subscribes_likes,35,0,0.0001,0.0001,0.0001,0.0001,0.0004,0.0002,0.0004,0.4874,500K
Q_2_subscribes_likes,36,0,0.0002,0.0001,0.0006,0.0001,0.0033,0.0003,0.0033,2.4289,500K
Q_2_subscribes_likes,37,0,0.0001,0.0001,0.0000,0.0000,0.0002,0.0002,0.0002,0.3752,500K
Q_2_subscribes_likes,38,0,0.0003,0.0001,0.0008,0.0001,0.0035,0.0030,0.0035,2.4569,500K
Q_2_subscribes_likes,39,0,0.0001,0.0001,0.0001,0.0001,0.0007,0.0001,0.0007,0.8344,500K
Q_2_subscribes_likes,40,0,0.0003,0.0001,0.0007,0.0001,0.0039,0.0007,0.0039,2.5610,500K
Q_2_subscribes_likes,41,0,0.0003,0.0001,0.0007,0.0001,0.0038,0.0017,0.0038,2.5264,500K
Q_2_subscribes_likes,42,0,0.0001,0.0001,0.0001,0.0001,0.0004,0.0001,0.0004,0.4636,500K
Q_2_subscribes_likes,43,0,0.0003,0.0001,0.0010,0.0001,0.0053,0.0016,0.0053,2.9386,500K
Q_2_subscribes_likes,44,0,0.0001,0.0001,0.0002,0.0000,0.0010,0.0001,0.0010,1.2959,500K
Q_2_subscribes_likes,45,0,0.0004,0.0001,0.0016,0.0001,0.0092,0.0002,0.0092,3.9892,500K
Q_2_subscribes_likes,46,0,0.0005,0.0001,0.0020,0.0000,0.0115,0.0002,0.0115,4.2289,500K
Q_2_subscribes_likes,47,0,0.0003,0.0001,0.0008,0.0001,0.0044,0.0006,0.0044,2.7998,500K
Q_2_subscribes_likes,48,0,0.0001,0.0001,0.0001,0.0000,0.0009,0.0002,0.0009,1.1887,500K
Q_2_subscribes_likes,49,0,0.0011,0.0001,0.0045,0.0001,0.0248,0.0034,0.0248,4.2209,500K
Q_2_subscribes_likes,50,0,0.0004,0.0001,0.0012,0.0001,0.0064,0.0034,0.0064,2.8937,500K
Q_2_subscribes_likes,51,0,0.0005,0.0001,0.0019,0.0001,0.0105,0.0002,0.0105,4.0349,500K
Q_2_subscribes_likes,52,0,0.0004,0.0001,0.0011,0.0001,0.0055,0.0026,0.0055,2.8242,500K
Q_2_subscribes_likes,53,0,0.0001,0.0001,0.0001,0.0000,0.0008,0.0002,0.0008,0.9119,500K
Q_2_subscribes_likes,54,0,0.0001,0.0001,0.0001,0.0000,0.0007,0.0002,0.0007,0.8913,500K
Q_2_subscribes_likes,55,0,0.0001,0.0001,0.0001,0.0001,0.0007,0.0002,0.0007,0.8398,500K
Q_2_subscribes_likes,56,0,0.0003,0.0001,0.0008,0.0001,0.0045,0.0002,0.0045,3.1004,500K
Q_2_subscribes_likes,57,0,0.0003,0.0001,0.0010,0.0000,0.0059,0.0002,0.0059,3.4504,500K
Q_2_subscribes_likes,58,0,0.0002,0.0001,0.0006,0.0000,0.0035,0.0006,0.0035,2.6932,500K
Q_2_subscribes_likes,59,0,0.0003,0.0001,0.0008,0.0001,0.0046,0.0009,0.0046,2.8466,500K
Q_2_subscribes_likes,60,0,0.0002,0.0001,0.0007,0.0001,0.0038,0.0002,0.0038,2.8663,500K
Q_2_subscribes_likes,61,0,0.0005,0.0001,0.0018,0.0001,0.0100,0.0032,0.0100,3.3611,500K
Q_2_subscribes_likes,62,0,0.0001,0.0001,0.0001,0.0001,0.0004,0.0002,0.0004,0.4304,500K
Q_2_subscribes_likes,63,0,0.0003,0.0001,0.0008,0.0001,0.0038,0.0029,0.0038,2.4181,500K
Q_2_subscribes_likes,64,0,0.0001,0.0001,0.0001,0.0001,0.0007,0.0001,0.0007,0.8807,500K
Q_2_subscribes_likes,65,0,0.0001,0.0001,0.0000,0.0000,0.0002,0.0002,0.0002,0.3210,500K
Q_2_subscribes_likes,66,0,0.0001,0.0001,0.0000,0.0001,0.0002,0.0002,0.0002,0.2200,500K
Q_2_subscribes_likes,67,0,0.0004,0.0001,0.0012,0.0001,0.0048,0.0047,0.0048,2.7671,500K
Q_2_subscribes_likes,68,0,0.0004,0.0001,0.0018,0.0000,0.0100,0.0005,0.0100,4.0251,500K
Q_2_subscribes_likes,69,0,0.0003,0.0001,0.0008,0.0000,0.0044,0.0002,0.0044,3.0948,500K
Q_2_subscribes_likes,70,0,0.0012,0.0001,0.0044,0.0001,0.0231,0.0096,0.0231,3.6684,500K
Q_2_subscribes_likes,71,0,0.0004,0.0001,0.0017,0.0000,0.0098,0.0001,0.0098,4.1617,500K
Q_2_subscribes_likes,72,0,0.0005,0.0001,0.0014,0.0001,0.0069,0.0046,0.0069,2.9502,500K
Q_2_subscribes_likes,73,0,0.0001,0.0001,0.0002,0.0000,0.0013,0.0002,0.0013,1.4981,500K
Q_2_subscribes_likes,74,0,0.0004,0.0001,0.0011,0.0001,0.0060,0.0022,0.0060,2.9039,500K
Q_2_subscribes_likes,75,0,0.0002,0.0001,0.0002,0.0000,0.0008,0.0007,0.0008,1.1157,500K
Q_2_subscribes_likes,76,0,0.0001,0.0001,0.0003,0.0000,0.0015,0.0001,0.0015,1.6941,500K
Q_2_subscribes_likes,77,0,0.0003,0.0001,0.0008,0.0000,0.0048,0.0008,0.0048,2.9452,500K
Q_2_subscribes_likes,78,0,0.0004,0.0001,0.0014,0.0000,0.0078,0.0002,0.0078,3.8608,500K
Q_2_subscribes_likes,79,0,0.0003,0.0001,0.0006,0.0001,0.0035,0.0016,0.0035,2.3173,500K
Q_2_subscribes_likes,80,0,0.0001,0.0001,0.0001,0.0001,0.0004,0.0001,0.0004,0.4703,500K
Q_2_subscribes_likes,81,0,0.0018,0.0003,0.0071,0.0003,0.0397,0.0073,0.0397,3.8780,500K
Q_2_subscribes_likes,82,0,0.0003,0.0003,0.0003,0.0003,0.0018,0.0004,0.0018,0.7984,500K
Q_2_subscribes_likes,83,0,0.0008,0.0003,0.0027,0.0003,0.0151,0.0019,0.0151,3.1666,500K
Q_2_subscribes_likes,84,0,0.0021,0.0003,0.0099,0.0003,0.0556,0.0007,0.0556,4.6368,500K
Q_2_subscribes_likes,85,0,0.0015,0.0003,0.0064,0.0003,0.0362,0.0019,0.0362,4.2147,500K
Q_2_subscribes_likes,86,0,0.0017,0.0003,0.0058,0.0003,0.0321,0.0080,0.0321,3.4892,500K
Q_2_subscribes_likes,87,0,0.0003,0.0003,0.0003,0.0003,0.0021,0.0004,0.0021,0.9603,500K
Q_2_subscribes_likes,88,0,0.0006,0.0003,0.0014,0.0003,0.0076,0.0028,0.0076,2.2149,500K
Q_2_subscribes_likes,89,0,0.0006,0.0003,0.0019,0.0003,0.0108,0.0003,0.0108,3.0211,500K
Q_2_subscribes_likes,90,0,0.0008,0.0003,0.0026,0.0003,0.0148,0.0012,0.0148,3.2743,500K
Q_2_subscribes_likes,91,0,0.0003,0.0003,0.0004,0.0000,0.0022,0.0005,0.0022,1.1344,500K
Q_2_subscribes_likes,92,0,0.0001,0.0001,0.0001,0.0001,0.0009,0.0002,0.0009,1.0548,500K
Q_2_subscribes_likes,93,0,0.0002,0.0001,0.0004,0.0001,0.0024,0.0005,0.0024,2.1167,500K
Q_2_subscribes_likes,94,0,0.0001,0.0001,0.0001,0.0001,0.0007,0.0002,0.0007,0.8066,500K
Q_2_subscribes_likes,95,0,0.0003,0.0001,0.0007,0.0001,0.0033,0.0021,0.0033,2.2140,500K
Q_2_subscribes_likes,96,0,0.0001,0.0001,0.0001,0.0001,0.0007,0.0002,0.0007,0.8319,500K
Q_2_subscribes_likes,97,0,0.0002,0.0001,0.0003,0.0001,0.0018,0.0004,0.0018,1.7029,500K
Q_2_subscribes_likes,98,0,0.0001,0.0001,0.0001,0.0001,0.0008,0.0002,0.0008,0.7962,500K
Q_2_tag_homepage,0,0,0.0011,0.0001,0.0049,0.0001,0.0277,0.0021,0.0277,4.4612,500K
Q_2_tag_homepage,1,0,0.0004,0.0001,0.0010,0.0001,0.0054,0.0021,0.0054,2.8123,500K
Q_2_tag_homepage,2,0,0.0004,0.0001,0.0014,0.0001,0.0082,0.0002,0.0082,3.8418,500K
Q_2_tag_homepage,3,0,0.0002,0.0001,0.0003,0.0001,0.0017,0.0009,0.0017,1.5522,500K
Q_2_tag_homepage,4,0,0.0001,0.0001,0.0001,0.0001,0.0006,0.0002,0.0006,0.7670,500K
Q_2_tag_homepage,5,0,0.0002,0.0001,0.0005,0.0001,0.0030,0.0004,0.0030,2.3997,500K
Q_2_tag_homepage,6,0,0.0002,0.0001,0.0002,0.0001,0.0009,0.0009,0.0009,1.2098,500K
Q_2_tag_homepage,7,0,0.0005,0.0001,0.0016,0.0001,0.0085,0.0033,0.0085,3.1525,500K
Q_2_tag_homepage,8,0,0.0001,0.0001,0.0001,0.0001,0.0004,0.0002,0.0004,0.4916,500K
Q_2_tag_homepage,9,0,0.0002,0.0001,0.0005,0.0001,0.0031,0.0006,0.0031,2.3630,500K
Q_2_tag_homepage,10,0,0.0005,0.0001,0.0023,0.0001,0.0130,0.0002,0.0130,4.2791,500K
Q_2_tag_homepage,11,0,0.0001,0.0001,0.0001,0.0001,0.0007,0.0002,0.0007,0.7580,500K
Q_2_tag_homepage,12,0,0.0002,0.0001,0.0005,0.0001,0.0026,0.0005,0.0026,2.0665,500K
Q_2_tag_homepage,13,0,0.0002,0.0001,0.0005,0.0001,0.0030,0.0002,0.0030,2.5647,500K
Q_2_tag_homepage,14,0,0.0002,0.0001,0.0004,0.0001,0.0025,0.0006,0.0025,2.1256,500K
Q_2_tag_homepage,15,0,0.0002,0.0001,0.0006,0.0001,0.0033,0.0002,0.0033,2.6727,500K
Q_2_tag_homepage,16,0,0.0002,0.0001,0.0004,0.0001,0.0021,0.0005,0.0021,1.9349,500K
Q_2_tag_homepage,17,0,0.0001,0.0001,0.0000,0.0001,0.0003,0.0002,0.0003,0.3618,500K
Q_2_tag_homepage,18,0,0.0003,0.0001,0.0007,0.0001,0.0038,0.0020,0.0038,2.4521,500K
Q_2_tag_homepage,19,0,0.0001,0.0001,0.0001,0.0001,0.0005,0.0002,0.0005,0.6362,500K
Q_2_tag_homepage,20,0,0.0002,0.0001,0.0006,0.0001,0.0032,0.0002,0.0032,2.5336,500K
Q_2_tag_homepage,21,0,0.0003,0.0001,0.0007,0.0001,0.0033,0.0029,0.0033,2.4010,500K
Q_2_tag_homepage,22,0,0.0001,0.0001,0.0001,0.0001,0.0004,0.0001,0.0004,0.5158,500K
Q_2_tag_homepage,23,0,0.0003,0.0001,0.0007,0.0001,0.0028,0.0028,0.0028,2.2863,500K
Q_2_tag_homepage,24,0,0.0001,0.0001,0.0001,0.0001,0.0008,0.0002,0.0008,0.9034,500K
Q_2_tag_homepage,25,0,0.0002,0.0001,0.0004,0.0001,0.0025,0.0003,0.0025,2.0793,500K
Q_2_tag_homepage,26,0,0.0001,0.0001,0.0001,0.0001,0.0007,0.0002,0.0007,0.8370,500K
Q_2_tag_homepage,27,0,0.0002,0.0001,0.0005,0.0001,0.0026,0.0008,0.0026,2.3311,500K
Q_2_tag_homepage,28,0,0.0001,0.0001,0.0001,0.0001,0.0004,0.0001,0.0004,0.4706,500K
Q_2_tag_homepage,29,0,0.0001,0.0001,0.0001,0.0001,0.0006,0.0003,0.0006,0.7870,500K
Q_2_tag_homepage,30,0,0.0003,0.0001,0.0009,0.0001,0.0051,0.0005,0.0051,3.2041,500K
Q_2_tag_homepage,31,0,0.0001,0.0001,0.0001,0.0001,0.0007,0.0001,0.0007,0.8647,500K
Q_2_tag_homepage,32,0,0.0001,0.0001,0.0001,0.0001,0.0005,0.0002,0.0005,0.6480,500K
Q_2_tag_homepage,33,0,0.0001,0.0001,0.0001,0.0001,0.0007,0.0002,0.0007,0.8879,500K
Q_2_tag_homepage,34,0,0.0003,0.0001,0.0008,0.0001,0.0037,0.0031,0.0037,2.5710,500K
Q_2_tag_homepage,35,0,0.0001,0.0001,0.0001,0.0001,0.0008,0.0002,0.0008,1.0079,500K
Q_2_tag_homepage,36,0,0.0004,0.0001,0.0009,0.0001,0.0040,0.0038,0.0040,2.6137,500K
Q_2_tag_homepage,37,0,0.0001,0.0001,0.0000,0.0001,0.0003,0.0002,0.0003,0.3750,500K
Q_2_tag_homepage,38,0,0.0003,0.0001,0.0010,0.0001,0.0058,0.0002,0.0058,3.3141,500K
Q_2_tag_homepage,39,0,0.0002,0.0001,0.0005,0.0001,0.0030,0.0008,0.0030,2.4906,500K
Q_2_tag_homepage,40,0,0.0001,0.0001,0.0001,0.0001,0.0007,0.0002,0.0007,0.8876,500K
Q_2_tag_homepage,41,0,0.0003,0.0001,0.0007,0.0001,0.0031,0.0030,0.0031,2.4088,500K
Q_2_tag_homepage,42,0,0.0002,0.0001,0.0001,0.0001,0.0008,0.0002,0.0008,0.7856,500K
Q_2_tag_homepage,43,0,0.0001,0.0001,0.0001,0.0001,0.0005,0.0002,0.0005,0.6721,500K
Q_2_tag_homepage,44,0,0.0001,0.0001,0.0001,0.0001,0.0006,0.0002,0.0006,0.7251,500K
Q_2_tag_homepage,45,0,0.0003,0.0001,0.0008,0.0001,0.0045,0.0010,0.0045,2.8061,500K
Q_2_tag_homepage,46,0,0.0001,0.0001,0.0001,0.0001,0.0008,0.0002,0.0008,0.8666,500K
Q_2_tag_homepage,47,0,0.0556,0.0300,0.0548,0.0241,0.2701,0.2013,0.2701,0.9861,500K
Q_2_tag_homepage,48,0,0.0003,0.0001,0.0010,0.0001,0.0056,0.0002,0.0056,3.3713,500K
Q_2_tag_homepage,49,0,0.0003,0.0001,0.0006,0.0001,0.0031,0.0015,0.0031,2.2399,500K
Q_2_tag_homepage,50,0,0.0001,0.0001,0.0002,0.0001,0.0010,0.0002,0.0010,1.1320,500K
Q_2_tag_homepage,51,0,0.0001,0.0001,0.0001,0.0001,0.0008,0.0002,0.0008,1.0244,500K
Q_2_tag_homepage,52,0,0.0003,0.0001,0.0009,0.0001,0.0052,0.0007,0.0052,3.1087,500K
Q_2_tag_homepage,53,0,0.0001,0.0001,0.0002,0.0001,0.0010,0.0002,0.0010,1.1368,500K
Q_2_tag_homepage,54,0,0.0002,0.0001,0.0005,0.0001,0.0028,0.0004,0.0028,2.2155,500K
Q_2_tag_homepage,55,0,0.0001,0.0001,0.0001,0.0001,0.0007,0.0002,0.0007,0.8601,500K
Q_2_tag_homepage,56,0,0.0004,0.0001,0.0010,0.0001,0.0053,0.0024,0.0053,2.8422,500K
Q_2_tag_homepage,57,0,0.0001,0.0001,0.0001,0.0001,0.0005,0.0001,0.0005,0.6692,500K
Q_2_tag_homepage,58,0,0.0001,0.0001,0.0002,0.0001,0.0010,0.0002,0.0010,1.1767,500K
Q_2_tag_homepage,59,0,0.0134,0.0127,0.0080,0.0080,0.0542,0.0170,0.0542,0.5926,500K
Q_2_tag_homepage,60,0,0.0001,0.0001,0.0002,0.0001,0.0012,0.0002,0.0012,1.3679,500K
Q_2_tag_homepage,61,0,0.0003,0.0001,0.0008,0.0001,0.0037,0.0025,0.0037,2.5133,500K
Q_2_tag_homepage,62,0,0.0001,0.0001,0.0001,0.0001,0.0007,0.0002,0.0007,0.8532,500K
Q_2_tag_homepage,63,0,0.0002,0.0001,0.0002,0.0001,0.0012,0.0002,0.0012,1.2179,500K
Q_2_tag_homepage,64,0,0.0002,0.0001,0.0006,0.0001,0.0037,0.0006,0.0037,2.6386,500K
Q_2_tag_homepage,65,0,0.0002,0.0001,0.0001,0.0001,0.0007,0.0002,0.0007,0.6566,500K
Q_3_location_gender_type,0,0,2.1138,1.5418,1.2071,1.1626,5.0232,4.9516,5.0232,0.5710,500K
Q_3_location_gender_type,1,2,11.5144,11.6323,2.5242,7.6309,17.9490,16.6423,17.9490,0.2192,500K
Q_3_location_gender_type,2,3,12.7786,12.5273,2.4713,8.6140,18.6843,17.9487,18.6843,0.1934,500K
Q_3_location_gender_type,3,0,1.9241,1.3930,1.0460,1.2811,5.6847,3.8760,5.6847,0.5436,500K
Q_3_location_gender_type,4,14,47.9882,46.3721,7.8225,38.5250,76.9148,62.0887,76.9148,0.1630,500K
Q_3_location_gender_type,5,15,64.7473,62.3478,6.8682,54.8406,84.2221,78.8100,84.2221,0.1061,500K
Q_3_location_gender_type,6,0,0.0008,0.0002,0.0026,0.0002,0.0145,0.0030,0.0145,3.2831,500K
Q_3_location_gender_type,7,26,123.1670,125.4540,21.5374,97.6751,176.2332,153.6264,176.2332,0.1749,500K
Q_3_location_gender_type,8,0,0.9548,0.6984,0.6501,0.6746,3.6792,2.2421,3.6792,0.6809,500K
Q_3_location_gender_type,9,2,34.0740,31.2191,9.2972,24.7158,65.9389,54.8073,65.9389,0.2729,500K
Q_3_location_gender_type,10,9,30.2297,25.8730,8.9503,22.2844,55.6055,51.4356,55.6055,0.2961,500K
Q_3_location_gender_type,11,0,1.1501,0.6834,1.1695,0.5503,6.5235,3.0121,6.5235,1.0169,500K
Q_3_location_gender_type,12,0,0.2115,0.1807,0.0519,0.1664,0.3511,0.3218,0.3511,0.2455,500K
Q_3_location_gender_type,13,1,4.8091,4.8397,2.6156,1.8627,11.6596,10.3006,11.6596,0.5439,500K
Q_3_location_gender_type,14,0,0.3605,0.2513,0.3282,0.2146,1.6288,1.2132,1.6288,0.9103,500K
Q_3_location_gender_type,15,1,5.5002,4.7401,2.4516,3.1421,12.9640,12.7659,12.9640,0.4457,500K
Q_3_location_gender_type,16,0,3.3233,2.4809,2.2053,1.2092,9.7493,7.8572,9.7493,0.6636,500K
Q_3_location_gender_type,17,1,13.8648,14.3163,2.1871,9.6354,18.6201,16.4865,18.6201,0.1577,500K
Q_3_location_gender_type,18,0,0.1565,0.1475,0.0377,0.1206,0.2909,0.2791,0.2909,0.2411,500K
Q_3_location_gender_type,19,2,5.8331,4.7076,2.3590,3.4290,11.4331,10.0437,11.4331,0.4044,500K
Q_3_location_gender_type,20,2,16.9227,16.4452,2.8481,11.9532,22.4496,22.2067,22.4496,0.1683,500K
Q_3_location_gender_type,21,0,1.3844,0.9476,1.0432,0.7495,4.8039,4.2032,4.8039,0.7536,500K
Q_3_location_gender_type,22,1,2.8500,2.0412,1.7687,1.6652,7.4049,7.1448,7.4049,0.6206,500K
Q_3_location_gender_type,23,0,1.0220,0.6842,0.7231,0.5467,2.8365,2.7418,2.8365,0.7075,500K
Q_3_location_gender_type,24,2,24.3158,23.7998,3.4264,19.0383,32.3871,31.7556,32.3871,0.1409,500K
Q_3_location_gender_type,25,0,0.9331,0.7575,0.5913,0.3701,2.6785,2.0202,2.6785,0.6336,500K
Q_3_location_gender_type,26,1,2.3680,1.6314,1.6818,0.9812,8.6222,5.2457,8.6222,0.7102,500K
Q_3_location_gender_type,27,0,0.6823,0.3665,0.6665,0.3239,2.9216,2.5985,2.9216,0.9769,500K
Q_3_location_gender_type,28,1,5.2471,4.5476,2.0538,3.1838,10.2132,9.6706,10.2132,0.3914,500K
Q_3_location_gender_type,29,3,3.9081,3.0746,1.5213,2.8036,7.5928,7.5774,7.5928,0.3893,500K
Q_3_location_gender_type,30,2,5.5212,4.8700,1.4334,3.8139,9.1282,8.5036,9.1282,0.2596,500K
Q_3_location_gender_type,31,0,1.1624,0.9084,0.7615,0.8541,4.6500,2.7639,4.6500,0.6551,500K
Q_3_location_gender_type,32,1,0.6389,0.5617,0.2247,0.4536,1.5489,1.1748,1.5489,0.3518,500K
Q_3_location_gender_type,33,5,16.7749,16.8198,1.9839,11.4827,21.4030,20.1648,21.4030,0.1183,500K
Q_3_location_gender_type,34,1,10.1706,10.0923,1.9485,7.4538,13.2401,13.1879,13.2401,0.1916,500K
Q_3_location_gender_type,35,2,5.0703,4.1248,1.5693,3.4587,9.5477,7.3348,9.5477,0.3095,500K
Q_3_location_gender_type,36,0,0.7192,0.4890,0.6408,0.4190,3.4087,2.1707,3.4087,0.8911,500K
Q_3_location_gender_type,37,9,39.1621,38.7380,5.9856,29.4090,55.0724,54.7691,55.0724,0.1528,500K
Q_3_location_gender_type,38,1,7.5587,7.4785,2.5942,4.8436,16.2303,12.4433,16.2303,0.3432,500K
Q_3_location_gender_type,39,1,2.6350,1.8695,1.4294,1.4444,6.0483,5.8153,6.0483,0.5425,500K
Q_3_location_gender_type,40,1,1.5229,1.1956,0.7755,1.0703,4.0845,3.4380,4.0845,0.5092,500K
Q_3_location_gender_type,41,2,15.7989,15.3499,1.7521,13.6692,22.6301,19.3080,22.6301,0.1109,500K
Q_3_location_gender_type,42,0,2.8138,2.3230,0.9732,2.0780,5.1185,5.1176,5.1185,0.3458,500K
Q_3_location_gender_type,43,0,2.7176,2.1824,1.0813,1.8572,5.9650,4.9654,5.9650,0.3979,500K
Q_3_location_gender_type,44,0,0.4668,0.2996,0.4537,0.2659,2.0935,1.8127,2.0935,0.9721,500K
Q_3_location_gender_type,45,0,0.2041,0.1910,0.0484,0.1567,0.3658,0.3125,0.3658,0.2372,500K
Q_3_location_gender_type,46,0,2.7652,2.0822,1.5636,1.6887,7.4925,6.4510,7.4925,0.5654,500K
Q_3_location_gender_type,47,0,3.0301,1.9664,1.8921,1.6910,7.7640,7.2196,7.7640,0.6244,500K
Q_3_location_gender_type,48,0,1.7258,1.4529,0.6033,1.3737,3.4944,3.4808,3.4944,0.3496,500K
Q_3_location_gender_type,49,2,1.4712,1.2031,0.6001,1.1091,3.4326,2.9743,3.4326,0.4079,500K
Q_3_location_gender_type,50,0,0.4671,0.3874,0.2246,0.3588,1.4603,0.8653,1.4603,0.4807,500K
Q_3_location_gender_type,51,0,2.0953,1.7079,0.8838,1.5048,4.6455,4.3980,4.6455,0.4218,500K
Q_3_location_gender_type,52,0,2.4556,1.9319,1.2640,1.7803,6.1281,6.0530,6.1281,0.5147,500K
Q_3_location_nationality_gender,0,0,0.0055,0.0043,0.0069,0.0021,0.0405,0.0088,0.0405,1.2374,500K
Q_3_location_nationality_gender,1,0,0.0761,0.0750,0.0076,0.0646,0.1106,0.0871,0.1106,0.0994,500K
Q_3_location_nationality_gender,2,0,0.1937,0.1907,0.0192,0.1630,0.2665,0.2410,0.2665,0.0990,500K
Q_3_location_nationality_gender,3,0,0.0006,0.0002,0.0020,0.0002,0.0114,0.0017,0.0114,3.3501,500K
Q_3_location_nationality_gender,4,0,7.6338,5.5405,4.4680,4.0909,23.9055,17.5446,23.9055,0.5853,500K
Q_3_location_nationality_gender,5,0,0.9298,0.7137,0.6092,0.6066,3.4944,2.3921,3.4944,0.6552,500K
Q_3_location_nationality_gender,6,0,0.0012,0.0002,0.0041,0.0001,0.0215,0.0093,0.0215,3.5351,500K
Q_3_location_nationality_gender,7,0,0.1415,0.1001,0.1897,0.0938,1.1605,0.1378,1.1605,1.3404,500K
Q_3_location_nationality_gender,8,0,0.0220,0.0039,0.0411,0.0017,0.1808,0.1243,0.1808,1.8642,500K
Q_3_location_nationality_gender,9,0,0.1820,0.1880,0.1179,0.0483,0.4314,0.3777,0.4314,0.6475,500K
Q_3_location_nationality_gender,10,0,0.6201,0.5173,0.3993,0.4405,2.5480,1.4605,2.5480,0.6439,500K
Q_3_location_nationality_gender,11,0,0.0655,0.0486,0.0359,0.0383,0.1428,0.1376,0.1428,0.5482,500K
Q_3_location_nationality_gender,12,0,0.0041,0.0038,0.0025,0.0018,0.0119,0.0091,0.0119,0.6033,500K
Q_3_location_nationality_gender,13,0,0.0680,0.0399,0.0642,0.0320,0.2653,0.2514,0.2653,0.9433,500K
Q_3_location_nationality_gender,14,0,0.0265,0.0180,0.0268,0.0102,0.1445,0.0776,0.1445,1.0105,500K
Q_3_location_nationality_gender,15,0,0.0101,0.0084,0.0099,0.0015,0.0516,0.0283,0.0516,0.9761,500K
Q_3_location_nationality_gender,16,0,3.4925,2.6992,1.7135,2.0985,8.9599,7.0430,8.9599,0.4906,500K
Q_3_location_nationality_gender,17,0,0.1027,0.1021,0.0070,0.0957,0.1340,0.1129,0.1340,0.0682,500K
Q_3_location_nationality_gender,18,0,0.0002,0.0002,0.0003,0.0001,0.0018,0.0002,0.0018,1.2373,500K
Q_3_location_nationality_gender,19,0,0.0007,0.0004,0.0009,0.0003,0.0034,0.0032,0.0034,1.2361,500K
Q_3_location_nationality_gender,20,0,0.1966,0.1461,0.2004,0.1288,1.2047,0.5349,1.2047,1.0196,500K
Q_3_location_nationality_gender,21,0,1.8446,1.4525,1.2431,1.1600,7.6065,3.5020,7.6065,0.6739,500K
Q_3_location_nationality_gender,22,0,0.0131,0.0133,0.0018,0.0104,0.0186,0.0152,0.0186,0.1404,500K
Q_3_location_nationality_gender,23,0,4.4363,3.3310,1.9133,2.7660,9.3763,8.8450,9.3763,0.4313,500K
Q_3_location_nationality_gender,24,0,0.5532,0.4030,0.3694,0.3335,1.8442,1.5783,1.8442,0.6679,500K
Q_3_location_nationality_gender,25,0,1.2493,1.0082,0.6159,0.7629,3.0374,2.8463,3.0374,0.4930,500K
Q_3_location_nationality_gender,26,0,0.0100,0.0086,0.0050,0.0067,0.0342,0.0153,0.0342,0.4995,500K
Q_3_location_nationality_gender,27,0,0.0044,0.0016,0.0048,0.0013,0.0251,0.0105,0.0251,1.0988,500K
Q_3_location_nationality_gender,28,0,0.0296,0.0274,0.0090,0.0234,0.0726,0.0465,0.0726,0.3044,500K
Q_3_location_nationality_gender,29,0,0.3220,0.2463,0.2391,0.1914,1.4518,0.5904,1.4518,0.7426,500K
Q_3_location_nationality_gender,30,0,0.8651,0.6678,0.5253,0.6380,3.0476,2.3448,3.0476,0.6072,500K
Q_3_location_nationality_gender,31,0,0.0826,0.0828,0.0071,0.0704,0.1010,0.0929,0.1010,0.0861,500K
Q_3_location_nationality_gender,32,0,0.0066,0.0058,0.0026,0.0048,0.0175,0.0107,0.0175,0.3862,500K
Q_3_location_nationality_gender,33,0,0.0003,0.0002,0.0004,0.0002,0.0024,0.0002,0.0024,1.4877,500K
Q_3_location_nationality_gender,34,0,0.1050,0.1018,0.0145,0.0920,0.1528,0.1513,0.1528,0.1382,500K
Q_3_location_nationality_gender,35,0,0.1029,0.1011,0.0116,0.0920,0.1608,0.1118,0.1608,0.1126,500K
Q_3_location_nationality_gender,36,0,0.0010,0.0005,0.0016,0.0005,0.0090,0.0027,0.0090,1.6203,500K
Q_3_location_nationality_gender,37,0,0.5678,0.4773,0.4453,0.4241,2.9529,0.6409,2.9529,0.7842,500K
Q_3_location_nationality_gender,38,0,0.3740,0.2930,0.2297,0.2611,1.4583,0.6755,1.4583,0.6142,500K
Q_3_location_nationality_gender,39,0,0.0125,0.0114,0.0048,0.0075,0.0297,0.0241,0.0297,0.3866,500K
Q_3_location_nationality_gender,40,0,0.0346,0.0330,0.0091,0.0278,0.0766,0.0495,0.0766,0.2635,500K
Q_3_location_nationality_gender,41,2,10.1865,9.2200,4.3645,5.8975,25.0627,22.2440,25.0627,0.4285,500K
Q_3_location_nationality_gender,42,0,0.0143,0.0139,0.0040,0.0107,0.0318,0.0188,0.0318,0.2785,500K
Q_3_location_nationality_gender,43,0,0.0428,0.0425,0.0031,0.0386,0.0508,0.0492,0.0508,0.0735,500K
Q_3_location_nationality_gender,44,0,0.0013,0.0006,0.0022,0.0005,0.0112,0.0070,0.0112,1.6593,500K
Q_3_location_nationality_gender,45,0,0.0544,0.0534,0.0078,0.0461,0.0904,0.0610,0.0904,0.1435,500K
Q_3_location_nationality_gender,46,0,0.0084,0.0080,0.0027,0.0057,0.0191,0.0122,0.0191,0.3246,500K
Q_3_location_nationality_gender,47,0,0.3073,0.2238,0.2864,0.2021,1.7501,0.6633,1.7501,0.9321,500K
Q_3_location_nationality_gender,48,1,7.2778,6.9159,2.8744,4.2586,13.8268,12.8882,13.8268,0.3949,500K
Q_3_location_nationality_gender,49,0,0.7774,0.2654,1.9673,0.2250,11.1998,1.3354,11.1998,2.5306,500K
Q_3_location_nationality_gender,50,0,0.3386,0.2219,0.2633,0.2016,1.3216,1.1761,1.3216,0.7778,500K
Q_3_location_nationality_gender,51,0,0.0828,0.0578,0.0528,0.0507,0.2842,0.1967,0.2842,0.6382,500K
Q_3_location_nationality_gender,52,0,0.3472,0.3229,0.0666,0.2745,0.5295,0.4867,0.5295,0.1918,500K
Q_3_location_nationality_gender,53,0,0.0003,0.0002,0.0006,0.0002,0.0025,0.0023,0.0025,1.6502,500K
Q_3_location_nationality_gender,54,5,17.2981,17.2659,2.3104,13.5987,22.3911,22.2822,22.3911,0.1336,500K
Q_3_location_nationality_gender,55,0,0.3988,0.2372,0.4764,0.2134,2.1781,1.7663,2.1781,1.1947,500K
Q_3_location_nationality_gender,56,1,4.4244,3.7608,2.0184,2.5065,10.1128,8.5698,10.1128,0.4562,500K
Q_3_location_nationality_gender,57,0,0.1797,0.1545,0.0646,0.1393,0.4775,0.2617,0.4775,0.3595,500K
Q_3_location_nationality_gender,58,0,1.7829,1.2158,1.4981,1.0277,7.6353,5.9809,7.6353,0.8402,500K
Q_3_location_nationality_gender,59,0,0.4162,0.2959,0.4038,0.2608,1.9583,1.8496,1.9583,0.9704,500K
Q_3_location_nationality_gender,60,0,0.0314,0.0314,0.0049,0.0253,0.0518,0.0415,0.0518,0.1576,500K
Q_3_location_nationality_gender,61,0,0.0092,0.0089,0.0026,0.0063,0.0145,0.0142,0.0145,0.2804,500K
Q_3_location_nationality_gender,62,0,0.0191,0.0174,0.0077,0.0142,0.0592,0.0223,0.0592,0.4007,500K
Q_3_location_nationality_gender,63,0,0.0463,0.0446,0.0063,0.0400,0.0716,0.0586,0.0716,0.1351,500K
Q_3_location_nationality_gender,64,0,0.1010,0.0990,0.0157,0.0866,0.1484,0.1455,0.1484,0.1552,500K
Q_3_location_nationality_gender,65,0,0.0422,0.0403,0.0085,0.0364,0.0851,0.0480,0.0851,0.2020,500K
Q_3_location_nationality_gender,66,0,0.8999,0.5192,0.7840,0.4539,3.5087,2.5901,3.5087,0.8713,500K
Q_3_location_nationality_gender,67,0,0.0321,0.0300,0.0083,0.0268,0.0676,0.0563,0.0676,0.2584,500K
Q_3_location_nationality_gender,68,0,0.0014,0.0006,0.0029,0.0005,0.0163,0.0043,0.0163,2.0761,500K
Q_3_location_nationality_gender,69,1,0.5565,0.3771,0.4073,0.2731,1.8268,1.4064,1.8268,0.7319,500K
Q_3_location_nationality_gender,70,0,0.7397,0.4879,0.5879,0.4382,2.7242,2.3042,2.7242,0.7948,500K
Q_3_location_nationality_gender,71,0,0.3500,0.2304,0.3306,0.1742,1.8297,1.0421,1.8297,0.9445,500K
Q_3_location_nationality_gender,72,0,0.0007,0.0002,0.0027,0.0002,0.0154,0.0003,0.0154,3.9679,500K
Q_3_location_nationality_gender,73,0,0.1636,0.1247,0.1669,0.1089,1.0535,0.2145,1.0535,1.0204,500K
Q_3_location_nationality_gender,74,0,0.0989,0.0726,0.1473,0.0144,0.7717,0.4199,0.7717,1.4889,500K
Q_3_location_nationality_gender,75,0,0.7676,0.5812,0.6373,0.3430,3.4164,2.4092,3.4164,0.8302,500K
Q_3_location_nationality_gender,76,1,4.2664,3.3315,1.7987,2.6789,8.2139,7.9664,8.2139,0.4216,500K
Q_3_location_nationality_gender,77,0,0.0003,0.0002,0.0005,0.0002,0.0031,0.0002,0.0031,1.8174,500K
Q_3_location_nationality_gender,78,0,0.0013,0.0008,0.0011,0.0008,0.0044,0.0038,0.0044,0.7845,500K
Q_3_location_nationality_gender,79,0,0.0109,0.0107,0.0023,0.0082,0.0193,0.0175,0.0193,0.2067,500K
Q_3_location_nationality_gender,80,0,0.0024,0.0013,0.0025,0.0012,0.0148,0.0045,0.0148,1.0649,500K
Q_3_location_nationality_gender,81,0,0.0014,0.0008,0.0012,0.0008,0.0052,0.0047,0.0052,0.8760,500K
Q_3_location_nationality_gender,82,1,2.5879,1.9308,1.3699,1.6334,6.0126,5.9768,6.0126,0.5293,500K
Q_3_location_nationality_gender,83,0,0.0022,0.0010,0.0033,0.0010,0.0188,0.0047,0.0188,1.4956,500K
Q_3_location_nationality_gender,84,0,0.3127,0.1687,0.2725,0.1445,0.9938,0.8700,0.9938,0.8717,500K
Q_3_location_nationality_gender,85,0,0.0428,0.0416,0.0068,0.0350,0.0642,0.0610,0.0642,0.1586,500K
Q_3_location_nationality_gender,86,0,5.1690,4.3489,2.0228,3.3183,11.0107,10.9586,11.0107,0.3913,500K
Q_3_location_nationality_gender,87,0,0.0514,0.0514,0.0050,0.0434,0.0666,0.0594,0.0666,0.0968,500K
Q_3_location_nationality_gender,88,0,0.0024,0.0012,0.0020,0.0011,0.0080,0.0071,0.0080,0.8168,500K
Q_3_location_nationality_gender,89,0,0.7936,0.5442,0.6316,0.4835,2.8225,2.5240,2.8225,0.7958,500K
Q_3_location_nationality_gender,90,0,0.0781,0.0585,0.0380,0.0505,0.2176,0.1545,0.2176,0.4869,500K
Q_3_location_nationality_gender,91,0,0.1044,0.1026,0.0161,0.0928,0.1792,0.1324,0.1792,0.1546,500K
Q_3_location_nationality_gender,92,0,0.0039,0.0040,0.0022,0.0020,0.0141,0.0057,0.0141,0.5803,500K
Q_3_location_nationality_gender,93,0,0.7236,0.5122,0.5819,0.4035,3.0258,1.9863,3.0258,0.8042,500K
Q_3_location_nationality_gender,94,0,0.1139,0.1135,0.0071,0.1024,0.1379,0.1288,0.1379,0.0619,500K
Q_3_nationality_gender_type,0,0,0.4053,0.3295,0.2169,0.2073,1.0872,0.8794,1.0872,0.5351,500K
Q_3_nationality_gender_type,1,0,3.3699,2.5258,1.7215,2.0722,7.6455,6.5709,7.6455,0.5108,500K
Q_3_nationality_gender_type,2,3,12.6348,11.9741,2.4898,8.6452,18.3894,18.2751,18.3894,0.1971,500K
Q_3_nationality_gender_type,3,0,0.0007,0.0002,0.0027,0.0001,0.0150,0.0030,0.0150,3.6460,500K
Q_3_nationality_gender_type,4,20,66.0450,63.4475,10.7841,49.9526,93.6427,93.4213,93.6427,0.1633,500K
Q_3_nationality_gender_type,5,0,3.5366,2.8968,1.6585,1.9684,8.5623,6.9667,8.5623,0.4690,500K
Q_3_nationality_gender_type,6,0,2.9527,2.4027,2.2353,1.0139,10.3758,7.1295,10.3758,0.7570,500K
Q_3_nationality_gender_type,7,1,1.3188,0.9754,0.8141,0.7430,3.6172,3.4912,3.6172,0.6173,500K
Q_3_nationality_gender_type,8,0,0.7785,0.4673,0.6196,0.3603,3.2101,1.7812,3.2101,0.7958,500K
Q_3_nationality_gender_type,9,0,0.2573,0.2561,0.0123,0.2416,0.2941,0.2846,0.2941,0.0479,500K
Q_3_nationality_gender_type,10,6,36.4349,34.3012,11.7080,26.6188,82.6446,67.5252,82.6446,0.3213,500K
Q_3_nationality_gender_type,11,2,9.0041,8.6515,3.5436,4.6026,18.6746,15.5778,18.6746,0.3936,500K
Q_3_nationality_gender_type,12,4,22.3880,21.4012,4.6371,15.7543,36.1759,32.3690,36.1759,0.2071,500K
Q_3_nationality_gender_type,13,1,7.1943,7.2393,1.0855,5.8020,9.1264,9.1076,9.1264,0.1509,500K
Q_3_nationality_gender_type,14,0,0.7779,0.5719,0.4968,0.5118,2.7777,1.7897,2.7777,0.6387,500K
Q_3_nationality_gender_type,15,0,0.2320,0.1501,0.1379,0.1250,0.5841,0.5632,0.5841,0.5944,500K
Q_3_nationality_gender_type,16,0,2.1447,1.6305,0.8685,1.2888,4.0900,3.7989,4.0900,0.4049,500K
Q_3_nationality_gender_type,17,0,0.2832,0.1885,0.1556,0.1637,0.6498,0.6059,0.6498,0.5496,500K
Q_3_nationality_gender_type,18,0,0.1529,0.1319,0.0860,0.1116,0.4786,0.4685,0.4786,0.5626,500K
Q_3_nationality_gender_type,19,1,3.0650,2.3135,1.1791,1.8768,5.4873,5.1936,5.4873,0.3847,500K
Q_3_nationality_gender_type,20,0,1.1816,0.8376,0.6961,0.6765,3.4294,2.9124,3.4294,0.5891,500K
Q_3_nationality_gender_type,21,5,9.1504,8.6867,2.2721,5.9127,13.6298,13.1683,13.6298,0.2483,500K
Q_3_nationality_gender_type,22,0,0.0007,0.0003,0.0021,0.0002,0.0116,0.0020,0.0116,3.0083,500K
Q_3_nationality_gender_type,23,0,0.4942,0.3591,0.3537,0.3127,1.5165,1.4316,1.5165,0.7158,500K
Q_3_nationality_gender_type,24,2,2.0314,1.5058,0.9658,1.3709,4.4270,3.9630,4.4270,0.4754,500K
Q_3_nationality_gender_type,25,1,4.3820,3.2046,2.0606,2.7064,9.9394,9.8515,9.9394,0.4703,500K
Q_3_nationality_gender_type,26,0,3.3414,2.4739,1.6601,2.2818,8.3135,7.5211,8.3135,0.4968,500K
Q_3_nationality_gender_type,27,0,0.6970,0.5441,0.5421,0.4936,2.7185,2.7076,2.7185,0.7778,500K
Q_3_nationality_gender_type,28,0,0.3346,0.2175,0.2683,0.1785,1.3564,0.8518,1.3564,0.8017,500K
Q_3_nationality_gender_type,29,0,0.3553,0.2307,0.2855,0.1843,1.6421,0.6920,1.6421,0.8036,500K
Q_3_nationality_gender_type,30,5,14.1097,13.3944,5.0584,7.7735,30.7338,24.3291,30.7338,0.3585,500K
Q_3_nationality_gender_type,31,0,0.2164,0.1994,0.0510,0.1794,0.4505,0.3119,0.4505,0.2357,500K
Q_3_nationality_gender_type,32,0,0.0005,0.0002,0.0014,0.0001,0.0072,0.0042,0.0072,2.7559,500K
Q_3_nationality_gender_type,33,0,0.8731,0.5659,0.8092,0.5226,3.9079,3.1586,3.9079,0.9268,500K
Q_3_nationality_gender_type,34,0,3.1748,2.5930,1.2279,2.2245,7.0770,6.9279,7.0770,0.3867,500K
Q_3_nationality_gender_type,35,0,1.1357,0.7779,0.7706,0.5707,3.5430,3.0853,3.5430,0.6785,500K
Q_3_nationality_gender_type,36,1,1.7273,1.4307,0.7853,1.1322,4.0128,3.7153,4.0128,0.4547,500K
Q_3_nationality_gender_type,37,6,27.6223,26.7322,6.9089,16.3647,42.8141,40.1017,42.8141,0.2501,500K
Q_3_nationality_gender_type,38,0,0.5730,0.2941,0.5963,0.1630,2.7672,1.6276,2.7672,1.0407,500K
Q_3_nationality_gender_type,39,0,2.9511,2.4745,1.8473,1.0733,7.6845,6.7852,7.6845,0.6260,500K
Q_3_nationality_gender_type,40,3,52.9968,46.9849,24.0826,25.8895,152.6520,97.5013,152.6520,0.4544,500K
Q_3_nationality_gender_type,41,0,0.0018,0.0003,0.0079,0.0002,0.0441,0.0033,0.0441,4.2664,500K
Q_3_nationality_gender_type,42,2,15.6761,13.3234,9.0724,9.1688,54.2007,36.7053,54.2007,0.5787,500K
Q_3_nationality_gender_type,43,0,0.9873,0.7337,0.7805,0.6669,4.0909,3.6217,4.0909,0.7906,500K
Q_3_nationality_gender_type,44,0,1.2252,1.0971,0.3909,0.9562,3.0795,1.7253,3.0795,0.3190,500K
Q_3_nationality_gender_type,45,0,6.1705,5.9948,1.9896,4.0133,11.8551,9.9316,11.8551,0.3224,500K
Q_3_nationality_gender_type,46,0,2.8080,2.5175,1.3714,1.7526,8.4916,5.7324,8.4916,0.4884,500K
Q_3_nationality_gender_type,47,0,0.8714,0.6735,0.6507,0.6275,3.9649,2.3294,3.9649,0.7467,500K
Q_3_nationality_gender_type,48,0,1.4008,0.9213,1.0404,0.8000,4.8808,4.7243,4.8808,0.7427,500K
Q_4_location_nationality_gender_type,0,0,0.0090,0.0046,0.0162,0.0023,0.0805,0.0524,0.0805,1.8093,500K
Q_4_location_nationality_gender_type,1,0,0.3442,0.3134,0.1574,0.1581,0.7190,0.6883,0.7190,0.4575,500K
Q_4_location_nationality_gender_type,2,0,0.0027,0.0011,0.0036,0.0010,0.0198,0.0068,0.0198,1.3467,500K
Q_4_location_nationality_gender_type,3,0,0.0007,0.0003,0.0017,0.0002,0.0098,0.0026,0.0098,2.5676,500K
Q_4_location_nationality_gender_type,4,0,0.0007,0.0003,0.0020,0.0002,0.0112,0.0022,0.0112,2.8118,500K
Q_4_location_nationality_gender_type,5,0,0.0004,0.0003,0.0004,0.0002,0.0021,0.0010,0.0021,0.9999,500K
Q_4_location_nationality_gender_type,6,0,0.0041,0.0041,0.0029,0.0019,0.0151,0.0123,0.0151,0.7259,500K
Q_4_location_nationality_gender_type,7,0,0.3041,0.2505,0.0981,0.2251,0.6168,0.4744,0.6168,0.3224,500K
Q_4_location_nationality_gender_type,8,0,0.3527,0.2655,0.1419,0.2365,0.6421,0.6384,0.6421,0.4024,500K
Q_4_location_nationality_gender_type,9,0,0.0022,0.0008,0.0043,0.0006,0.0212,0.0132,0.0212,1.9224,500K
Q_4_location_nationality_gender_type,10,0,0.0081,0.0043,0.0120,0.0020,0.0499,0.0480,0.0499,1.4732,500K
Q_4_location_nationality_gender_type,11,0,3.5482,2.6901,1.5884,2.2445,7.6868,6.9934,7.6868,0.4477,500K
Q_4_location_nationality_gender_type,12,0,0.1321,0.0460,0.2257,0.0307,1.1874,0.5111,1.1874,1.7083,500K
Q_4_location_nationality_gender_type,13,0,0.1058,0.0664,0.0979,0.0431,0.4745,0.3420,0.4745,0.9249,500K
Q_4_location_nationality_gender_type,14,0,0.0127,0.0114,0.0051,0.0079,0.0316,0.0268,0.0316,0.4041,500K
Q_4_location_nationality_gender_type,15,0,0.0004,0.0003,0.0006,0.0002,0.0034,0.0018,0.0034,1.4724,500K
Q_4_location_nationality_gender_type,16,0,0.0817,0.0802,0.0129,0.0690,0.1338,0.1160,0.1338,0.1584,500K
Q_4_location_nationality_gender_type,17,0,0.0066,0.0058,0.0027,0.0033,0.0177,0.0109,0.0177,0.4120,500K
Q_4_location_nationality_gender_type,18,0,0.9301,0.7179,0.5028,0.6469,2.4014,2.3386,2.4014,0.5406,500K
Q_4_location_nationality_gender_type,19,0,0.0004,0.0003,0.0006,0.0003,0.0030,0.0027,0.0030,1.4489,500K
Q_4_location_nationality_gender_type,20,0,0.2519,0.2303,0.0896,0.2016,0.7210,0.2923,0.7210,0.3557,500K
Q_4_location_nationality_gender_type,21,0,1.6536,1.1597,1.1195,1.0120,5.8740,4.1224,5.8740,0.6770,500K
Q_4_location_nationality_gender_type,22,0,0.0973,0.0620,0.0657,0.0505,0.2805,0.2368,0.2805,0.6755,500K
Q_4_location_nationality_gender_type,23,0,0.0472,0.0003,0.2521,0.0003,1.4046,0.0029,1.4046,5.3375,500K
Q_4_location_nationality_gender_type,24,0,0.2092,0.1233,0.3517,0.0991,2.0603,0.4644,2.0603,1.6807,500K
Q_4_location_nationality_gender_type,25,0,0.7763,0.6797,0.4171,0.5213,2.4260,2.1137,2.4260,0.5373,500K
Q_4_location_nationality_gender_type,26,0,0.0175,0.0151,0.0090,0.0119,0.0561,0.0433,0.0561,0.5149,500K
Q_4_location_nationality_gender_type,27,0,0.0024,0.0013,0.0026,0.0011,0.0140,0.0056,0.0140,1.0728,500K
Q_4_location_nationality_gender_type,28,0,0.8325,0.5545,0.5606,0.3133,2.2373,2.0026,2.2373,0.6734,500K
Q_4_location_nationality_gender_type,29,0,0.3391,0.2405,0.3016,0.2239,1.4283,1.2894,1.4283,0.8894,500K
Q_4_location_nationality_gender_type,30,0,0.0039,0.0007,0.0122,0.0006,0.0659,0.0217,0.0659,3.1151,500K
Q_4_location_nationality_gender_type,31,0,0.0896,0.0571,0.0950,0.0269,0.4335,0.3165,0.4335,1.0610,500K
Q_4_location_nationality_gender_type,32,0,14.6870,14.9088,2.5057,9.6989,20.1544,19.5290,20.1544,0.1706,500K
Q_4_location_nationality_gender_type,33,0,0.0007,0.0003,0.0018,0.0003,0.0100,0.0028,0.0100,2.5974,500K
Q_4_location_nationality_gender_type,34,0,0.0134,0.0121,0.0035,0.0112,0.0285,0.0225,0.0285,0.2646,500K
Q_4_location_nationality_gender_type,35,0,0.0488,0.0472,0.0056,0.0416,0.0670,0.0639,0.0670,0.1145,500K
Q_4_location_nationality_gender_type,36,0,1.2739,0.9381,0.7234,0.7696,3.6635,2.8397,3.6635,0.5679,500K
Q_4_location_nationality_gender_type,37,0,0.3950,0.2506,0.4542,0.2160,2.5750,1.0777,2.5750,1.1497,500K
Q_4_location_nationality_gender_type,38,0,0.0439,0.0411,0.0130,0.0343,0.1071,0.0663,0.1071,0.2969,500K
Q_4_location_nationality_gender_type,39,0,0.5305,0.2385,0.4779,0.1945,1.8995,1.5949,1.8995,0.9007,500K
Q_4_location_nationality_gender_type,40,0,0.3658,0.2878,0.3463,0.0627,1.3217,1.1965,1.3217,0.9466,500K
Q_4_location_nationality_gender_type,41,0,0.1092,0.0642,0.0800,0.0490,0.2873,0.2870,0.2873,0.7327,500K
Q_4_location_nationality_gender_type,42,0,0.0428,0.0290,0.0331,0.0156,0.1387,0.1287,0.1387,0.7731,500K
Q_4_location_nationality_gender_type,43,0,0.0005,0.0003,0.0012,0.0002,0.0065,0.0030,0.0065,2.2250,500K
Q_4_location_nationality_gender_type,44,0,0.7319,0.6177,0.4628,0.3148,2.8305,1.5396,2.8305,0.6324,500K
Q_4_location_nationality_gender_type,45,0,0.0014,0.0007,0.0019,0.0006,0.0078,0.0075,0.0078,1.3220,500K
Q_4_location_nationality_gender_type,46,0,2.5653,2.1112,1.1504,1.8347,6.0928,5.5796,6.0928,0.4484,500K
Q_4_location_nationality_gender_type,47,0,0.0496,0.0471,0.0063,0.0428,0.0715,0.0615,0.0715,0.1276,500K
Q_4_location_nationality_gender_type,48,0,0.4860,0.3988,0.2691,0.3443,1.7898,0.7639,1.7898,0.5537,500K
Q_4_location_nationality_gender_type,49,0,1.4019,1.1222,0.6712,1.0104,3.6240,3.1499,3.6240,0.4788,500K
Q_4_location_nationality_gender_type,50,0,0.0142,0.0135,0.0031,0.0109,0.0234,0.0220,0.0234,0.2192,500K
Q_4_location_nationality_gender_type,51,0,0.0017,0.0010,0.0015,0.0009,0.0062,0.0059,0.0062,0.8576,500K
Q_4_location_nationality_gender_type,52,0,0.0524,0.0522,0.0027,0.0485,0.0590,0.0587,0.0590,0.0516,500K
Q_4_location_nationality_gender_type,53,0,0.0906,0.0893,0.0071,0.0776,0.1195,0.0996,0.1195,0.0781,500K
Q_4_location_nationality_gender_type,54,0,0.0006,0.0003,0.0016,0.0003,0.0088,0.0032,0.0088,2.4768,500K
Q_4_location_nationality_gender_type,55,1,7.7242,8.0704,2.2049,5.5801,15.9115,10.3135,15.9115,0.2855,500K
Q_4_location_nationality_gender_type,56,0,0.0034,0.0016,0.0029,0.0015,0.0140,0.0083,0.0140,0.8461,500K
Q_4_location_nationality_gender_type,57,0,0.0005,0.0003,0.0008,0.0002,0.0048,0.0017,0.0048,1.8179,500K
Q_4_location_nationality_gender_type,58,0,0.5383,0.4483,0.2937,0.4037,1.8777,1.1848,1.8777,0.5456,500K
Q_4_location_nationality_gender_type,59,0,0.1236,0.1220,0.0118,0.1101,0.1743,0.1425,0.1743,0.0956,500K
Q_4_location_nationality_gender_type,60,0,0.0004,0.0003,0.0006,0.0002,0.0032,0.0015,0.0032,1.3821,500K
Q_4_location_nationality_gender_type,61,0,0.0004,0.0003,0.0004,0.0002,0.0025,0.0014,0.0025,1.1813,500K
Q_4_location_nationality_gender_type,62,2,18.2924,15.6892,6.5305,11.4260,45.8869,26.0844,45.8869,0.3570,500K
Q_4_location_nationality_gender_type,63,0,0.5126,0.3950,0.3709,0.3279,1.9398,1.6447,1.9398,0.7237,500K
Q_4_location_nationality_gender_type,64,0,0.0015,0.0003,0.0055,0.0003,0.0308,0.0063,0.0308,3.7284,500K
Q_4_location_nationality_gender_type,65,0,0.0049,0.0049,0.0031,0.0021,0.0168,0.0101,0.0168,0.6382,500K
Q_4_location_nationality_gender_type,66,0,0.0225,0.0223,0.0035,0.0174,0.0342,0.0273,0.0342,0.1546,500K
Q_4_location_nationality_gender_type,67,0,0.0021,0.0009,0.0041,0.0008,0.0236,0.0038,0.0236,1.9450,500K
Q_4_location_nationality_gender_type,68,0,0.0004,0.0003,0.0006,0.0003,0.0033,0.0009,0.0033,1.4745,500K
Q_4_location_nationality_gender_type,69,0,0.0953,0.0953,0.0056,0.0854,0.1095,0.1089,0.1095,0.0584,500K
Q_4_location_nationality_gender_type,70,0,0.0020,0.0011,0.0017,0.0010,0.0083,0.0068,0.0083,0.8742,500K
Q_4_location_nationality_gender_type,71,0,0.0152,0.0148,0.0041,0.0107,0.0325,0.0194,0.0325,0.2684,500K
Q_4_location_nationality_gender_type,72,0,4.3056,3.5821,1.0715,3.3020,6.4549,6.3624,6.4549,0.2489,500K
Q_4_location_nationality_gender_type,73,0,0.0445,0.0447,0.0059,0.0375,0.0685,0.0521,0.0685,0.1336,500K
Q_4_location_nationality_gender_type,74,0,0.4372,0.3587,0.2220,0.3045,1.2537,1.1453,1.2537,0.5078,500K
Q_4_location_nationality_gender_type,75,0,3.3295,2.7589,1.0076,2.4906,5.8032,5.5803,5.8032,0.3026,500K
Q_4_location_nationality_gender_type,76,0,0.4307,0.3331,0.4950,0.3067,3.0939,0.4003,3.0939,1.1492,500K
Q_4_location_nationality_gender_type,77,0,0.1078,0.1074,0.0066,0.0948,0.1189,0.1189,0.1189,0.0611,500K
Q_4_location_nationality_gender_type,78,0,0.0018,0.0010,0.0013,0.0010,0.0060,0.0050,0.0060,0.7325,500K
Q_4_location_nationality_gender_type,79,0,0.1318,0.0726,0.2159,0.0543,1.2376,0.3132,1.2376,1.6379,500K
Q_4_location_nationality_gender_type,80,0,0.0078,0.0007,0.0354,0.0006,0.1982,0.0065,0.1982,4.5415,500K
Q_4_location_nationality_gender_type,81,0,0.4709,0.3903,0.3864,0.3366,2.5168,0.7025,2.5168,0.8205,500K
Q_4_location_nationality_gender_type,82,0,0.0065,0.0056,0.0032,0.0031,0.0184,0.0115,0.0184,0.4872,500K
Q_4_location_nationality_gender_type,83,0,0.8804,0.6348,0.5866,0.4444,2.8052,2.4341,2.8052,0.6663,500K
Q_4_location_nationality_gender_type,84,0,4.3388,4.0103,1.2799,2.9383,7.9058,6.6392,7.9058,0.2950,500K
Q_4_location_nationality_gender_type,85,0,0.0040,0.0011,0.0087,0.0010,0.0476,0.0155,0.0476,2.1641,500K
Q_4_location_nationality_gender_type,86,0,0.0289,0.0233,0.0190,0.0118,0.0975,0.0548,0.0975,0.6549,500K
Q_4_location_nationality_gender_type,87,0,4.7864,3.9826,1.7145,3.1560,8.5748,7.9447,8.5748,0.3582,500K
Q_4_location_nationality_gender_type,88,0,0.0051,0.0046,0.0027,0.0025,0.0155,0.0090,0.0155,0.5282,500K
Q_4_location_nationality_gender_type,89,0,0.0005,0.0003,0.0011,0.0002,0.0065,0.0004,0.0065,2.3474,500K
Q_4_location_nationality_gender_type,90,0,0.1601,0.1595,0.0088,0.1460,0.1821,0.1806,0.1821,0.0550,500K
Q_4_location_nationality_gender_type,91,0,0.0050,0.0040,0.0054,0.0023,0.0327,0.0091,0.0327,1.0762,500K
Q_4_location_nationality_gender_type,92,0,0.0066,0.0057,0.0020,0.0033,0.0119,0.0098,0.0119,0.3038,500K
