template,query_id,result_count,time_ms,dataset,triple_patterns
Q_1_eligibleregion,Q_1_eligibleregion_query_001,39,1.053,data_2M,1
Q_1_eligibleregion,Q_1_eligibleregion_query_002,79,0.318,data_2M,1
Q_1_eligibleregion,Q_1_eligibleregion_query_003,61,0.163,data_2M,1
Q_1_eligibleregion,Q_1_eligibleregion_query_004,96,0.178,data_2M,1
Q_1_eligibleregion,Q_1_eligibleregion_query_005,131,0.165,data_2M,1
Q_1_eligibleregion,Q_1_eligibleregion_query_006,660,1.312,data_2M,1
Q_1_eligibleregion,Q_1_eligibleregion_query_007,38,0.107,data_2M,1
Q_1_eligibleregion,Q_1_eligibleregion_query_008,35,0.085,data_2M,1
Q_1_eligibleregion,Q_1_eligibleregion_query_009,61,0.268,data_2M,1
Q_1_eligibleregion,Q_1_eligibleregion_query_010,26,0.106,data_2M,1
Q_1_eligibleregion,Q_1_eligibleregion_query_011,54,0.099,data_2M,1
Q_1_eligibleregion,Q_1_eligibleregion_query_012,110,0.321,data_2M,1
Q_1_eligibleregion,Q_1_eligibleregion_query_013,1720,8.164,data_2M,1
Q_1_eligibleregion,Q_1_eligibleregion_query_014,269,0.894,data_2M,1
Q_1_eligibleregion,Q_1_eligibleregion_query_015,88,0.205,data_2M,1
Q_1_eligibleregion,Q_1_eligibleregion_query_016,61,0.079,data_2M,1
Q_1_eligibleregion,Q_1_eligibleregion_query_017,61,0.167,data_2M,1
Q_1_eligibleregion,Q_1_eligibleregion_query_018,128,0.164,data_2M,1
Q_1_eligibleregion,Q_1_eligibleregion_query_019,32,0.039,data_2M,1
Q_1_eligibleregion,Q_1_eligibleregion_query_020,56,0.102,data_2M,1
Q_1_eligibleregion,Q_1_eligibleregion_query_021,44,0.072,data_2M,1
Q_1_eligibleregion,Q_1_eligibleregion_query_022,52,0.058,data_2M,1
Q_1_eligibleregion,Q_1_eligibleregion_query_023,51,0.057,data_2M,1
Q_1_eligibleregion,Q_1_eligibleregion_query_024,37,0.043,data_2M,1
Q_1_eligibleregion,Q_1_eligibleregion_query_025,114,0.116,data_2M,1
Q_1_eligibleregion,Q_1_eligibleregion_query_026,26,0.032,data_2M,1
Q_1_eligibleregion,Q_1_eligibleregion_query_027,34,0.038,data_2M,1
Q_1_eligibleregion,Q_1_eligibleregion_query_028,44,0.047,data_2M,1
Q_1_eligibleregion,Q_1_eligibleregion_query_029,51,0.045,data_2M,1
Q_1_eligibleregion,Q_1_eligibleregion_query_030,134,0.124,data_2M,1
Q_1_eligibleregion,Q_1_eligibleregion_query_031,49,0.050,data_2M,1
Q_1_eligibleregion,Q_1_eligibleregion_query_032,39,0.043,data_2M,1
Q_1_eligibleregion,Q_1_eligibleregion_query_033,110,0.098,data_2M,1
Q_1_eligibleregion,Q_1_eligibleregion_query_034,52,0.053,data_2M,1
Q_1_eligibleregion,Q_1_eligibleregion_query_035,560,0.521,data_2M,1
Q_1_eligibleregion,Q_1_eligibleregion_query_036,45,0.049,data_2M,1
Q_1_eligibleregion,Q_1_eligibleregion_query_037,114,0.090,data_2M,1
Q_1_eligibleregion,Q_1_eligibleregion_query_038,25,0.066,data_2M,1
Q_1_eligibleregion,Q_1_eligibleregion_query_039,49,0.036,data_2M,1
Q_1_eligibleregion,Q_1_eligibleregion_query_040,42,0.052,data_2M,1
Q_1_eligibleregion,Q_1_eligibleregion_query_041,32,0.041,data_2M,1
Q_1_eligibleregion,Q_1_eligibleregion_query_042,267,0.302,data_2M,1
Q_1_eligibleregion,Q_1_eligibleregion_query_043,30,0.043,data_2M,1
Q_1_eligibleregion,Q_1_eligibleregion_query_044,134,0.271,data_2M,1
Q_1_eligibleregion,Q_1_eligibleregion_query_045,73,0.106,data_2M,1
Q_1_eligibleregion,Q_1_eligibleregion_query_046,560,0.607,data_2M,1
Q_1_eligibleregion,Q_1_eligibleregion_query_047,114,0.106,data_2M,1
Q_1_eligibleregion,Q_1_eligibleregion_query_048,33,0.037,data_2M,1
Q_1_eligibleregion,Q_1_eligibleregion_query_049,887,1.334,data_2M,1
Q_1_eligibleregion,Q_1_eligibleregion_query_050,42,0.363,data_2M,1
Q_1_eligibleregion,Q_1_eligibleregion_query_051,46,0.723,data_2M,1
Q_1_eligibleregion,Q_1_eligibleregion_query_052,73,0.165,data_2M,1
Q_1_eligibleregion,Q_1_eligibleregion_query_053,79,0.290,data_2M,1
Q_1_eligibleregion,Q_1_eligibleregion_query_054,26,0.065,data_2M,1
Q_1_eligibleregion,Q_1_eligibleregion_query_055,1720,2.405,data_2M,1
Q_1_eligibleregion,Q_1_eligibleregion_query_056,887,1.156,data_2M,1
Q_1_eligibleregion,Q_1_eligibleregion_query_057,110,0.130,data_2M,1
Q_1_eligibleregion,Q_1_eligibleregion_query_058,88,0.094,data_2M,1
Q_1_eligibleregion,Q_1_eligibleregion_query_059,54,0.058,data_2M,1
Q_1_eligibleregion,Q_1_eligibleregion_query_060,34,0.045,data_2M,1
Q_1_eligibleregion,Q_1_eligibleregion_query_061,34,0.038,data_2M,1
Q_1_eligibleregion,Q_1_eligibleregion_query_062,49,0.055,data_2M,1
Q_1_eligibleregion,Q_1_eligibleregion_query_063,95,0.125,data_2M,1
Q_1_eligibleregion,Q_1_eligibleregion_query_064,30,0.137,data_2M,1
Q_1_eligibleregion,Q_1_eligibleregion_query_065,51,0.087,data_2M,1
Q_1_eligibleregion,Q_1_eligibleregion_query_066,26,0.048,data_2M,1
Q_1_eligibleregion,Q_1_eligibleregion_query_067,54,0.097,data_2M,1
Q_1_eligibleregion,Q_1_eligibleregion_query_068,35,0.101,data_2M,1
Q_1_eligibleregion,Q_1_eligibleregion_query_069,46,0.195,data_2M,1
Q_1_eligibleregion,Q_1_eligibleregion_query_070,24,0.113,data_2M,1
Q_1_eligibleregion,Q_1_eligibleregion_query_071,128,0.465,data_2M,1
Q_1_eligibleregion,Q_1_eligibleregion_query_072,35,0.063,data_2M,1
Q_1_eligibleregion,Q_1_eligibleregion_query_073,68,0.657,data_2M,1
Q_1_eligibleregion,Q_1_eligibleregion_query_074,110,0.265,data_2M,1
Q_1_eligibleregion,Q_1_eligibleregion_query_075,199,0.175,data_2M,1
Q_1_eligibleregion,Q_1_eligibleregion_query_076,114,0.093,data_2M,1
Q_1_eligibleregion,Q_1_eligibleregion_query_077,51,0.069,data_2M,1
Q_1_eligibleregion,Q_1_eligibleregion_query_078,56,0.054,data_2M,1
Q_1_eligibleregion,Q_1_eligibleregion_query_079,40,0.078,data_2M,1
Q_1_eligibleregion,Q_1_eligibleregion_query_080,511,0.512,data_2M,1
Q_1_eligibleregion,Q_1_eligibleregion_query_081,110,0.074,data_2M,1
Q_1_eligibleregion,Q_1_eligibleregion_query_082,42,0.039,data_2M,1
Q_1_eligibleregion,Q_1_eligibleregion_query_083,41,0.036,data_2M,1
Q_1_eligibleregion,Q_1_eligibleregion_query_084,53,0.048,data_2M,1
Q_1_eligibleregion,Q_1_eligibleregion_query_085,65,0.059,data_2M,1
Q_1_eligibleregion,Q_1_eligibleregion_query_086,44,0.039,data_2M,1
Q_1_eligibleregion,Q_1_eligibleregion_query_087,23,0.022,data_2M,1
Q_1_eligibleregion,Q_1_eligibleregion_query_088,30,0.026,data_2M,1
Q_1_eligibleregion,Q_1_eligibleregion_query_089,41,0.032,data_2M,1
Q_1_eligibleregion,Q_1_eligibleregion_query_090,39,0.076,data_2M,1
Q_1_eligibleregion,Q_1_eligibleregion_query_091,33,0.094,data_2M,1
Q_1_eligibleregion,Q_1_eligibleregion_query_092,115,0.117,data_2M,1
Q_1_eligibleregion,Q_1_eligibleregion_query_093,110,0.087,data_2M,1
Q_1_eligibleregion,Q_1_eligibleregion_query_094,1720,3.425,data_2M,1
Q_1_eligibleregion,Q_1_eligibleregion_query_095,134,0.159,data_2M,1
Q_1_eligibleregion,Q_1_eligibleregion_query_096,38,0.049,data_2M,1
Q_1_eligibleregion,Q_1_eligibleregion_query_097,61,0.056,data_2M,1
Q_1_eligibleregion,Q_1_eligibleregion_query_098,110,0.093,data_2M,1
Q_1_eligibleregion,Q_1_eligibleregion_query_099,38,0.042,data_2M,1
Q_1_eligibleregion,Q_1_eligibleregion_query_100,26,0.028,data_2M,1
Q_1_includes,Q_1_includes_query_001,0,0.011,data_2M,1
Q_1_includes,Q_1_includes_query_002,0,0.005,data_2M,1
Q_1_includes,Q_1_includes_query_003,0,0.007,data_2M,1
Q_1_includes,Q_1_includes_query_004,0,0.006,data_2M,1
Q_1_includes,Q_1_includes_query_005,1,0.035,data_2M,1
Q_1_includes,Q_1_includes_query_006,0,0.005,data_2M,1
Q_1_includes,Q_1_includes_query_007,2,0.019,data_2M,1
Q_1_includes,Q_1_includes_query_008,0,0.006,data_2M,1
Q_1_includes,Q_1_includes_query_009,0,0.005,data_2M,1
Q_1_includes,Q_1_includes_query_010,3,0.021,data_2M,1
Q_1_includes,Q_1_includes_query_011,0,0.007,data_2M,1
Q_1_includes,Q_1_includes_query_012,0,0.005,data_2M,1
Q_1_includes,Q_1_includes_query_013,0,0.004,data_2M,1
Q_1_includes,Q_1_includes_query_014,0,0.005,data_2M,1
Q_1_includes,Q_1_includes_query_015,0,0.005,data_2M,1
Q_1_includes,Q_1_includes_query_016,0,0.005,data_2M,1
Q_1_includes,Q_1_includes_query_017,0,0.004,data_2M,1
Q_1_includes,Q_1_includes_query_018,5,0.020,data_2M,1
Q_1_includes,Q_1_includes_query_019,0,0.005,data_2M,1
Q_1_includes,Q_1_includes_query_020,4,0.019,data_2M,1
Q_1_includes,Q_1_includes_query_021,0,0.006,data_2M,1
Q_1_includes,Q_1_includes_query_022,0,0.005,data_2M,1
Q_1_includes,Q_1_includes_query_023,0,0.005,data_2M,1
Q_1_includes,Q_1_includes_query_024,5,0.021,data_2M,1
Q_1_includes,Q_1_includes_query_025,0,0.010,data_2M,1
Q_1_includes,Q_1_includes_query_026,0,0.011,data_2M,1
Q_1_includes,Q_1_includes_query_027,0,0.013,data_2M,1
Q_1_includes,Q_1_includes_query_028,0,0.006,data_2M,1
Q_1_includes,Q_1_includes_query_029,0,0.005,data_2M,1
Q_1_includes,Q_1_includes_query_030,0,0.005,data_2M,1
Q_1_includes,Q_1_includes_query_031,0,0.006,data_2M,1
Q_1_includes,Q_1_includes_query_032,0,0.007,data_2M,1
Q_1_includes,Q_1_includes_query_033,0,0.010,data_2M,1
Q_1_includes,Q_1_includes_query_034,0,0.014,data_2M,1
Q_1_includes,Q_1_includes_query_035,0,0.006,data_2M,1
Q_1_includes,Q_1_includes_query_036,0,0.005,data_2M,1
Q_1_includes,Q_1_includes_query_037,0,0.018,data_2M,1
Q_1_includes,Q_1_includes_query_038,0,0.006,data_2M,1
Q_1_includes,Q_1_includes_query_039,0,0.014,data_2M,1
Q_1_includes,Q_1_includes_query_040,0,0.005,data_2M,1
Q_1_includes,Q_1_includes_query_041,0,0.015,data_2M,1
Q_1_includes,Q_1_includes_query_042,0,0.005,data_2M,1
Q_1_includes,Q_1_includes_query_043,0,0.012,data_2M,1
Q_1_includes,Q_1_includes_query_044,0,0.009,data_2M,1
Q_1_includes,Q_1_includes_query_045,0,0.010,data_2M,1
Q_1_includes,Q_1_includes_query_046,0,0.005,data_2M,1
Q_1_includes,Q_1_includes_query_047,0,0.010,data_2M,1
Q_1_includes,Q_1_includes_query_048,0,0.007,data_2M,1
Q_1_includes,Q_1_includes_query_049,0,0.012,data_2M,1
Q_1_includes,Q_1_includes_query_050,0,0.006,data_2M,1
Q_1_includes,Q_1_includes_query_051,0,0.009,data_2M,1
Q_1_includes,Q_1_includes_query_052,0,0.005,data_2M,1
Q_1_includes,Q_1_includes_query_053,0,0.006,data_2M,1
Q_1_includes,Q_1_includes_query_054,0,0.005,data_2M,1
Q_1_includes,Q_1_includes_query_055,2,0.027,data_2M,1
Q_1_includes,Q_1_includes_query_056,0,0.004,data_2M,1
Q_1_includes,Q_1_includes_query_057,0,0.007,data_2M,1
Q_1_includes,Q_1_includes_query_058,0,0.004,data_2M,1
Q_1_includes,Q_1_includes_query_059,5,0.013,data_2M,1
Q_1_includes,Q_1_includes_query_060,0,0.007,data_2M,1
Q_1_includes,Q_1_includes_query_061,0,0.005,data_2M,1
Q_1_includes,Q_1_includes_query_062,0,0.004,data_2M,1
Q_1_includes,Q_1_includes_query_063,0,0.008,data_2M,1
Q_1_includes,Q_1_includes_query_064,0,0.004,data_2M,1
Q_1_includes,Q_1_includes_query_065,0,0.004,data_2M,1
Q_1_includes,Q_1_includes_query_066,0,0.005,data_2M,1
Q_1_includes,Q_1_includes_query_067,5,0.008,data_2M,1
Q_1_includes,Q_1_includes_query_068,1,0.007,data_2M,1
Q_1_includes,Q_1_includes_query_069,0,0.004,data_2M,1
Q_1_includes,Q_1_includes_query_070,3,0.009,data_2M,1
Q_1_includes,Q_1_includes_query_071,0,0.004,data_2M,1
Q_1_includes,Q_1_includes_query_072,0,0.004,data_2M,1
Q_1_includes,Q_1_includes_query_073,0,0.004,data_2M,1
Q_1_includes,Q_1_includes_query_074,0,0.005,data_2M,1
Q_1_includes,Q_1_includes_query_075,0,0.004,data_2M,1
Q_1_includes,Q_1_includes_query_076,2,0.008,data_2M,1
Q_1_includes,Q_1_includes_query_077,0,0.005,data_2M,1
Q_1_includes,Q_1_includes_query_078,0,0.004,data_2M,1
Q_1_includes,Q_1_includes_query_079,0,0.007,data_2M,1
Q_1_includes,Q_1_includes_query_080,0,0.006,data_2M,1
Q_1_includes,Q_1_includes_query_081,0,0.008,data_2M,1
Q_1_includes,Q_1_includes_query_082,0,0.004,data_2M,1
Q_1_includes,Q_1_includes_query_083,0,0.012,data_2M,1
Q_1_includes,Q_1_includes_query_084,0,0.004,data_2M,1
Q_1_includes,Q_1_includes_query_085,0,0.011,data_2M,1
Q_1_includes,Q_1_includes_query_086,0,0.031,data_2M,1
Q_1_includes,Q_1_includes_query_087,0,0.007,data_2M,1
Q_1_includes,Q_1_includes_query_088,0,0.004,data_2M,1
Q_1_includes,Q_1_includes_query_089,0,0.011,data_2M,1
Q_1_includes,Q_1_includes_query_090,0,0.004,data_2M,1
Q_1_includes,Q_1_includes_query_091,0,0.010,data_2M,1
Q_1_includes,Q_1_includes_query_092,0,0.006,data_2M,1
Q_1_includes,Q_1_includes_query_093,0,0.009,data_2M,1
Q_1_includes,Q_1_includes_query_094,0,0.004,data_2M,1
Q_1_includes,Q_1_includes_query_095,0,0.008,data_2M,1
Q_1_includes,Q_1_includes_query_096,0,0.004,data_2M,1
Q_1_includes,Q_1_includes_query_097,0,0.010,data_2M,1
Q_1_includes,Q_1_includes_query_098,0,0.004,data_2M,1
Q_1_includes,Q_1_includes_query_099,4,0.017,data_2M,1
Q_1_includes,Q_1_includes_query_100,0,0.004,data_2M,1
Q_1_likes,Q_1_likes_query_001,0,0.012,data_2M,1
Q_1_likes,Q_1_likes_query_002,0,0.004,data_2M,1
Q_1_likes,Q_1_likes_query_003,0,0.007,data_2M,1
Q_1_likes,Q_1_likes_query_004,0,0.004,data_2M,1
Q_1_likes,Q_1_likes_query_005,7,0.019,data_2M,1
Q_1_likes,Q_1_likes_query_006,0,0.009,data_2M,1
Q_1_likes,Q_1_likes_query_007,1,0.006,data_2M,1
Q_1_likes,Q_1_likes_query_008,0,0.006,data_2M,1
Q_1_likes,Q_1_likes_query_009,0,0.005,data_2M,1
Q_1_likes,Q_1_likes_query_010,3,0.012,data_2M,1
Q_1_likes,Q_1_likes_query_011,0,0.005,data_2M,1
Q_1_likes,Q_1_likes_query_012,0,0.005,data_2M,1
Q_1_likes,Q_1_likes_query_013,0,0.004,data_2M,1
Q_1_likes,Q_1_likes_query_014,0,0.005,data_2M,1
Q_1_likes,Q_1_likes_query_015,0,0.004,data_2M,1
Q_1_likes,Q_1_likes_query_016,0,0.006,data_2M,1
Q_1_likes,Q_1_likes_query_017,0,0.004,data_2M,1
Q_1_likes,Q_1_likes_query_018,5,0.012,data_2M,1
Q_1_likes,Q_1_likes_query_019,0,0.004,data_2M,1
Q_1_likes,Q_1_likes_query_020,2,0.008,data_2M,1
Q_1_likes,Q_1_likes_query_021,0,0.005,data_2M,1
Q_1_likes,Q_1_likes_query_022,0,0.004,data_2M,1
Q_1_likes,Q_1_likes_query_023,0,0.005,data_2M,1
Q_1_likes,Q_1_likes_query_024,2,0.018,data_2M,1
Q_1_likes,Q_1_likes_query_025,0,0.008,data_2M,1
Q_1_likes,Q_1_likes_query_026,0,0.005,data_2M,1
Q_1_likes,Q_1_likes_query_027,0,0.005,data_2M,1
Q_1_likes,Q_1_likes_query_028,0,0.004,data_2M,1
Q_1_likes,Q_1_likes_query_029,0,0.010,data_2M,1
Q_1_likes,Q_1_likes_query_030,0,0.006,data_2M,1
Q_1_likes,Q_1_likes_query_031,0,0.006,data_2M,1
Q_1_likes,Q_1_likes_query_032,0,0.011,data_2M,1
Q_1_likes,Q_1_likes_query_033,0,0.005,data_2M,1
Q_1_likes,Q_1_likes_query_034,0,0.005,data_2M,1
Q_1_likes,Q_1_likes_query_035,0,0.005,data_2M,1
Q_1_likes,Q_1_likes_query_036,0,0.005,data_2M,1
Q_1_likes,Q_1_likes_query_037,0,0.005,data_2M,1
Q_1_likes,Q_1_likes_query_038,0,0.005,data_2M,1
Q_1_likes,Q_1_likes_query_039,0,0.005,data_2M,1
Q_1_likes,Q_1_likes_query_040,0,0.005,data_2M,1
Q_1_likes,Q_1_likes_query_041,0,0.005,data_2M,1
Q_1_likes,Q_1_likes_query_042,0,0.004,data_2M,1
Q_1_likes,Q_1_likes_query_043,0,0.006,data_2M,1
Q_1_likes,Q_1_likes_query_044,0,0.006,data_2M,1
Q_1_likes,Q_1_likes_query_045,0,0.005,data_2M,1
Q_1_likes,Q_1_likes_query_046,0,0.005,data_2M,1
Q_1_likes,Q_1_likes_query_047,0,0.004,data_2M,1
Q_1_likes,Q_1_likes_query_048,0,0.005,data_2M,1
Q_1_likes,Q_1_likes_query_049,0,0.043,data_2M,1
Q_1_likes,Q_1_likes_query_050,0,0.006,data_2M,1
Q_1_likes,Q_1_likes_query_051,0,0.011,data_2M,1
Q_1_likes,Q_1_likes_query_052,0,0.005,data_2M,1
Q_1_likes,Q_1_likes_query_053,0,0.009,data_2M,1
Q_1_likes,Q_1_likes_query_054,0,0.005,data_2M,1
Q_1_likes,Q_1_likes_query_055,5,0.019,data_2M,1
Q_1_likes,Q_1_likes_query_056,0,0.005,data_2M,1
Q_1_likes,Q_1_likes_query_057,0,0.005,data_2M,1
Q_1_likes,Q_1_likes_query_058,0,0.005,data_2M,1
Q_1_likes,Q_1_likes_query_059,5,0.011,data_2M,1
Q_1_likes,Q_1_likes_query_060,0,0.009,data_2M,1
Q_1_likes,Q_1_likes_query_061,0,0.005,data_2M,1
Q_1_likes,Q_1_likes_query_062,0,0.004,data_2M,1
Q_1_likes,Q_1_likes_query_063,0,0.006,data_2M,1
Q_1_likes,Q_1_likes_query_064,0,0.005,data_2M,1
Q_1_likes,Q_1_likes_query_065,0,0.006,data_2M,1
Q_1_likes,Q_1_likes_query_066,4,0.011,data_2M,1
Q_1_likes,Q_1_likes_query_067,5,0.008,data_2M,1
Q_1_likes,Q_1_likes_query_068,7,0.015,data_2M,1
Q_1_likes,Q_1_likes_query_069,0,0.009,data_2M,1
Q_1_likes,Q_1_likes_query_070,3,0.012,data_2M,1
Q_1_likes,Q_1_likes_query_071,0,0.005,data_2M,1
Q_1_likes,Q_1_likes_query_072,0,0.004,data_2M,1
Q_1_likes,Q_1_likes_query_073,0,0.006,data_2M,1
Q_1_likes,Q_1_likes_query_074,0,0.004,data_2M,1
Q_1_likes,Q_1_likes_query_075,0,0.007,data_2M,1
Q_1_likes,Q_1_likes_query_076,1,0.008,data_2M,1
Q_1_likes,Q_1_likes_query_077,4,0.009,data_2M,1
Q_1_likes,Q_1_likes_query_078,0,0.009,data_2M,1
Q_1_likes,Q_1_likes_query_079,0,0.004,data_2M,1
Q_1_likes,Q_1_likes_query_080,0,0.008,data_2M,1
Q_1_likes,Q_1_likes_query_081,0,0.004,data_2M,1
Q_1_likes,Q_1_likes_query_082,0,0.008,data_2M,1
Q_1_likes,Q_1_likes_query_083,0,0.005,data_2M,1
Q_1_likes,Q_1_likes_query_084,0,0.004,data_2M,1
Q_1_likes,Q_1_likes_query_085,0,0.082,data_2M,1
Q_1_likes,Q_1_likes_query_086,0,0.007,data_2M,1
Q_1_likes,Q_1_likes_query_087,0,0.005,data_2M,1
Q_1_likes,Q_1_likes_query_088,0,0.005,data_2M,1
Q_1_likes,Q_1_likes_query_089,0,0.007,data_2M,1
Q_1_likes,Q_1_likes_query_090,0,0.005,data_2M,1
Q_1_likes,Q_1_likes_query_091,0,0.005,data_2M,1
Q_1_likes,Q_1_likes_query_092,0,0.005,data_2M,1
Q_1_likes,Q_1_likes_query_093,0,0.006,data_2M,1
Q_1_likes,Q_1_likes_query_094,0,0.005,data_2M,1
Q_1_likes,Q_1_likes_query_095,0,0.005,data_2M,1
Q_1_likes,Q_1_likes_query_096,0,0.005,data_2M,1
Q_1_likes,Q_1_likes_query_097,0,0.004,data_2M,1
Q_1_likes,Q_1_likes_query_098,0,0.004,data_2M,1
Q_1_likes,Q_1_likes_query_099,1,0.009,data_2M,1
Q_1_likes,Q_1_likes_query_100,0,0.004,data_2M,1
Q_1_nationality,Q_1_nationality_query_001,300,0.814,data_2M,1
Q_1_nationality,Q_1_nationality_query_002,28,0.082,data_2M,1
Q_1_nationality,Q_1_nationality_query_003,2,0.021,data_2M,1
Q_1_nationality,Q_1_nationality_query_004,1,0.007,data_2M,1
Q_1_nationality,Q_1_nationality_query_005,138,0.250,data_2M,1
Q_1_nationality,Q_1_nationality_query_006,3,0.012,data_2M,1
Q_1_nationality,Q_1_nationality_query_007,6,0.022,data_2M,1
Q_1_nationality,Q_1_nationality_query_008,1,0.011,data_2M,1
Q_1_nationality,Q_1_nationality_query_009,10,0.022,data_2M,1
Q_1_nationality,Q_1_nationality_query_010,7,0.018,data_2M,1
Q_1_nationality,Q_1_nationality_query_011,31,0.050,data_2M,1
Q_1_nationality,Q_1_nationality_query_012,7,0.012,data_2M,1
Q_1_nationality,Q_1_nationality_query_013,7,0.019,data_2M,1
Q_1_nationality,Q_1_nationality_query_014,3,0.012,data_2M,1
Q_1_nationality,Q_1_nationality_query_015,4,0.013,data_2M,1
Q_1_nationality,Q_1_nationality_query_016,28,0.031,data_2M,1
Q_1_nationality,Q_1_nationality_query_017,4,0.015,data_2M,1
Q_1_nationality,Q_1_nationality_query_018,40,0.061,data_2M,1
Q_1_nationality,Q_1_nationality_query_019,7,0.027,data_2M,1
Q_1_nationality,Q_1_nationality_query_020,18,0.030,data_2M,1
Q_1_nationality,Q_1_nationality_query_021,5,0.017,data_2M,1
Q_1_nationality,Q_1_nationality_query_022,3,0.012,data_2M,1
Q_1_nationality,Q_1_nationality_query_023,6,0.016,data_2M,1
Q_1_nationality,Q_1_nationality_query_024,3,0.015,data_2M,1
Q_1_nationality,Q_1_nationality_query_025,690,1.110,data_2M,1
Q_1_nationality,Q_1_nationality_query_026,40,0.061,data_2M,1
Q_1_nationality,Q_1_nationality_query_027,3,0.008,data_2M,1
Q_1_nationality,Q_1_nationality_query_028,2,0.008,data_2M,1
Q_1_nationality,Q_1_nationality_query_029,300,0.415,data_2M,1
Q_1_nationality,Q_1_nationality_query_030,2,0.019,data_2M,1
Q_1_nationality,Q_1_nationality_query_031,2,0.007,data_2M,1
Q_1_nationality,Q_1_nationality_query_032,18,0.023,data_2M,1
Q_1_nationality,Q_1_nationality_query_033,5,0.011,data_2M,1
Q_1_nationality,Q_1_nationality_query_034,12,0.016,data_2M,1
Q_1_nationality,Q_1_nationality_query_035,6,0.011,data_2M,1
Q_1_nationality,Q_1_nationality_query_036,2,0.007,data_2M,1
Q_1_nationality,Q_1_nationality_query_037,3,0.009,data_2M,1
Q_1_nationality,Q_1_nationality_query_038,4,0.009,data_2M,1
Q_1_nationality,Q_1_nationality_query_039,7,0.013,data_2M,1
Q_1_nationality,Q_1_nationality_query_040,13,0.018,data_2M,1
Q_1_nationality,Q_1_nationality_query_041,3,0.008,data_2M,1
Q_1_nationality,Q_1_nationality_query_042,3,0.008,data_2M,1
Q_1_nationality,Q_1_nationality_query_043,6,0.013,data_2M,1
Q_1_nationality,Q_1_nationality_query_044,3,0.007,data_2M,1
Q_1_nationality,Q_1_nationality_query_045,31,0.047,data_2M,1
Q_1_nationality,Q_1_nationality_query_046,4,0.016,data_2M,1
Q_1_nationality,Q_1_nationality_query_047,40,0.072,data_2M,1
Q_1_nationality,Q_1_nationality_query_048,13,0.016,data_2M,1
Q_1_nationality,Q_1_nationality_query_049,5,0.014,data_2M,1
Q_1_nationality,Q_1_nationality_query_050,4,0.012,data_2M,1
Q_1_nationality,Q_1_nationality_query_051,1,0.016,data_2M,1
Q_1_nationality,Q_1_nationality_query_052,6,0.014,data_2M,1
Q_1_nationality,Q_1_nationality_query_053,4,0.016,data_2M,1
Q_1_nationality,Q_1_nationality_query_054,13,0.023,data_2M,1
Q_1_nationality,Q_1_nationality_query_055,3,0.007,data_2M,1
Q_1_nationality,Q_1_nationality_query_056,4,0.012,data_2M,1
Q_1_nationality,Q_1_nationality_query_057,4,0.044,data_2M,1
Q_1_nationality,Q_1_nationality_query_058,4,0.014,data_2M,1
Q_1_nationality,Q_1_nationality_query_059,1,0.013,data_2M,1
Q_1_nationality,Q_1_nationality_query_060,6,0.024,data_2M,1
Q_1_nationality,Q_1_nationality_query_061,31,0.118,data_2M,1
Q_1_nationality,Q_1_nationality_query_062,12,0.025,data_2M,1
Q_1_nationality,Q_1_nationality_query_063,54,0.673,data_2M,1
Q_1_nationality,Q_1_nationality_query_064,4,0.080,data_2M,1
Q_1_nationality,Q_1_nationality_query_065,221,0.416,data_2M,1
Q_1_nationality,Q_1_nationality_query_066,6,0.020,data_2M,1
Q_1_nationality,Q_1_nationality_query_067,3,0.013,data_2M,1
Q_1_nationality,Q_1_nationality_query_068,95,0.156,data_2M,1
Q_1_nationality,Q_1_nationality_query_069,18,0.035,data_2M,1
Q_1_nationality,Q_1_nationality_query_070,5,0.017,data_2M,1
Q_1_nationality,Q_1_nationality_query_071,7,0.017,data_2M,1
Q_1_nationality,Q_1_nationality_query_072,690,0.917,data_2M,1
Q_1_nationality,Q_1_nationality_query_073,6,0.024,data_2M,1
Q_1_nationality,Q_1_nationality_query_074,56,0.085,data_2M,1
Q_1_nationality,Q_1_nationality_query_075,3,0.013,data_2M,1
Q_1_nationality,Q_1_nationality_query_076,13,0.024,data_2M,1
Q_1_nationality,Q_1_nationality_query_077,3,0.011,data_2M,1
Q_1_nationality,Q_1_nationality_query_078,1,0.013,data_2M,1
Q_1_nationality,Q_1_nationality_query_079,3,0.013,data_2M,1
Q_1_nationality,Q_1_nationality_query_080,10,0.024,data_2M,1
Q_1_nationality,Q_1_nationality_query_081,28,0.044,data_2M,1
Q_1_nationality,Q_1_nationality_query_082,13,0.015,data_2M,1
Q_1_nationality,Q_1_nationality_query_083,4,0.015,data_2M,1
Q_1_nationality,Q_1_nationality_query_084,40,0.090,data_2M,1
Q_1_nationality,Q_1_nationality_query_085,9,0.031,data_2M,1
Q_1_nationality,Q_1_nationality_query_086,12,0.035,data_2M,1
Q_1_nationality,Q_1_nationality_query_087,6,0.014,data_2M,1
Q_1_nationality,Q_1_nationality_query_088,4,0.008,data_2M,1
Q_1_nationality,Q_1_nationality_query_089,4,0.016,data_2M,1
Q_1_nationality,Q_1_nationality_query_090,23,0.060,data_2M,1
Q_1_nationality,Q_1_nationality_query_091,3,0.008,data_2M,1
Q_1_nationality,Q_1_nationality_query_092,5,0.021,data_2M,1
Q_1_nationality,Q_1_nationality_query_093,5,0.022,data_2M,1
Q_1_nationality,Q_1_nationality_query_094,23,0.022,data_2M,1
Q_1_nationality,Q_1_nationality_query_095,15,0.028,data_2M,1
Q_1_nationality,Q_1_nationality_query_096,6,0.029,data_2M,1
Q_1_nationality,Q_1_nationality_query_097,4,0.012,data_2M,1
Q_1_nationality,Q_1_nationality_query_098,6,0.009,data_2M,1
Q_1_nationality,Q_1_nationality_query_099,6,0.012,data_2M,1
Q_1_nationality,Q_1_nationality_query_100,23,0.026,data_2M,1
Q_1_subscribes,Q_1_subscribes_query_001,29,0.095,data_2M,1
Q_1_subscribes,Q_1_subscribes_query_002,33,0.088,data_2M,1
Q_1_subscribes,Q_1_subscribes_query_003,0,0.009,data_2M,1
Q_1_subscribes,Q_1_subscribes_query_004,0,0.014,data_2M,1
Q_1_subscribes,Q_1_subscribes_query_005,37,0.033,data_2M,1
Q_1_subscribes,Q_1_subscribes_query_006,0,0.005,data_2M,1
Q_1_subscribes,Q_1_subscribes_query_007,0,0.008,data_2M,1
Q_1_subscribes,Q_1_subscribes_query_008,0,0.005,data_2M,1
Q_1_subscribes,Q_1_subscribes_query_009,0,0.010,data_2M,1
Q_1_subscribes,Q_1_subscribes_query_010,0,0.007,data_2M,1
Q_1_subscribes,Q_1_subscribes_query_011,25,0.073,data_2M,1
Q_1_subscribes,Q_1_subscribes_query_012,0,0.004,data_2M,1
Q_1_subscribes,Q_1_subscribes_query_013,0,0.005,data_2M,1
Q_1_subscribes,Q_1_subscribes_query_014,0,0.006,data_2M,1
Q_1_subscribes,Q_1_subscribes_query_015,0,0.006,data_2M,1
Q_1_subscribes,Q_1_subscribes_query_016,33,0.071,data_2M,1
Q_1_subscribes,Q_1_subscribes_query_017,0,0.007,data_2M,1
Q_1_subscribes,Q_1_subscribes_query_018,27,0.037,data_2M,1
Q_1_subscribes,Q_1_subscribes_query_019,0,0.005,data_2M,1
Q_1_subscribes,Q_1_subscribes_query_020,0,0.009,data_2M,1
Q_1_subscribes,Q_1_subscribes_query_021,0,0.005,data_2M,1
Q_1_subscribes,Q_1_subscribes_query_022,0,0.004,data_2M,1
Q_1_subscribes,Q_1_subscribes_query_023,0,0.009,data_2M,1
Q_1_subscribes,Q_1_subscribes_query_024,0,0.006,data_2M,1
Q_1_subscribes,Q_1_subscribes_query_025,32,0.045,data_2M,1
Q_1_subscribes,Q_1_subscribes_query_026,27,0.025,data_2M,1
Q_1_subscribes,Q_1_subscribes_query_027,0,0.004,data_2M,1
Q_1_subscribes,Q_1_subscribes_query_028,0,0.005,data_2M,1
Q_1_subscribes,Q_1_subscribes_query_029,29,0.028,data_2M,1
Q_1_subscribes,Q_1_subscribes_query_030,0,0.005,data_2M,1
Q_1_subscribes,Q_1_subscribes_query_031,0,0.008,data_2M,1
Q_1_subscribes,Q_1_subscribes_query_032,0,0.006,data_2M,1
Q_1_subscribes,Q_1_subscribes_query_033,0,0.008,data_2M,1
Q_1_subscribes,Q_1_subscribes_query_034,0,0.005,data_2M,1
Q_1_subscribes,Q_1_subscribes_query_035,0,0.004,data_2M,1
Q_1_subscribes,Q_1_subscribes_query_036,0,0.004,data_2M,1
Q_1_subscribes,Q_1_subscribes_query_037,0,0.004,data_2M,1
Q_1_subscribes,Q_1_subscribes_query_038,0,0.004,data_2M,1
Q_1_subscribes,Q_1_subscribes_query_039,0,0.005,data_2M,1
Q_1_subscribes,Q_1_subscribes_query_040,0,0.005,data_2M,1
Q_1_subscribes,Q_1_subscribes_query_041,0,0.004,data_2M,1
Q_1_subscribes,Q_1_subscribes_query_042,0,0.004,data_2M,1
Q_1_subscribes,Q_1_subscribes_query_043,0,0.005,data_2M,1
Q_1_subscribes,Q_1_subscribes_query_044,0,0.004,data_2M,1
Q_1_subscribes,Q_1_subscribes_query_045,28,0.046,data_2M,1
Q_1_subscribes,Q_1_subscribes_query_046,0,0.007,data_2M,1
Q_1_subscribes,Q_1_subscribes_query_047,28,0.036,data_2M,1
Q_1_subscribes,Q_1_subscribes_query_048,0,0.004,data_2M,1
Q_1_subscribes,Q_1_subscribes_query_049,0,0.006,data_2M,1
Q_1_subscribes,Q_1_subscribes_query_050,0,0.004,data_2M,1
Q_1_subscribes,Q_1_subscribes_query_051,0,0.004,data_2M,1
Q_1_subscribes,Q_1_subscribes_query_052,0,0.006,data_2M,1
Q_1_subscribes,Q_1_subscribes_query_053,0,0.004,data_2M,1
Q_1_subscribes,Q_1_subscribes_query_054,0,0.010,data_2M,1
Q_1_subscribes,Q_1_subscribes_query_055,0,0.005,data_2M,1
Q_1_subscribes,Q_1_subscribes_query_056,0,0.004,data_2M,1
Q_1_subscribes,Q_1_subscribes_query_057,0,0.004,data_2M,1
Q_1_subscribes,Q_1_subscribes_query_058,0,0.004,data_2M,1
Q_1_subscribes,Q_1_subscribes_query_059,0,0.004,data_2M,1
Q_1_subscribes,Q_1_subscribes_query_060,0,0.004,data_2M,1
Q_1_subscribes,Q_1_subscribes_query_061,31,0.045,data_2M,1
Q_1_subscribes,Q_1_subscribes_query_062,0,0.007,data_2M,1
Q_1_subscribes,Q_1_subscribes_query_063,40,0.097,data_2M,1
Q_1_subscribes,Q_1_subscribes_query_064,0,0.007,data_2M,1
Q_1_subscribes,Q_1_subscribes_query_065,34,0.045,data_2M,1
Q_1_subscribes,Q_1_subscribes_query_066,0,0.005,data_2M,1
Q_1_subscribes,Q_1_subscribes_query_067,0,0.008,data_2M,1
Q_1_subscribes,Q_1_subscribes_query_068,30,0.038,data_2M,1
Q_1_subscribes,Q_1_subscribes_query_069,0,0.004,data_2M,1
Q_1_subscribes,Q_1_subscribes_query_070,0,0.007,data_2M,1
Q_1_subscribes,Q_1_subscribes_query_071,0,0.004,data_2M,1
Q_1_subscribes,Q_1_subscribes_query_072,32,0.034,data_2M,1
Q_1_subscribes,Q_1_subscribes_query_073,0,0.007,data_2M,1
Q_1_subscribes,Q_1_subscribes_query_074,25,0.037,data_2M,1
Q_1_subscribes,Q_1_subscribes_query_075,0,0.005,data_2M,1
Q_1_subscribes,Q_1_subscribes_query_076,0,0.004,data_2M,1
Q_1_subscribes,Q_1_subscribes_query_077,0,0.005,data_2M,1
Q_1_subscribes,Q_1_subscribes_query_078,0,0.004,data_2M,1
Q_1_subscribes,Q_1_subscribes_query_079,0,0.007,data_2M,1
Q_1_subscribes,Q_1_subscribes_query_080,0,0.005,data_2M,1
Q_1_subscribes,Q_1_subscribes_query_081,33,0.037,data_2M,1
Q_1_subscribes,Q_1_subscribes_query_082,0,0.011,data_2M,1
Q_1_subscribes,Q_1_subscribes_query_083,0,0.007,data_2M,1
Q_1_subscribes,Q_1_subscribes_query_084,32,0.039,data_2M,1
Q_1_subscribes,Q_1_subscribes_query_085,0,0.007,data_2M,1
Q_1_subscribes,Q_1_subscribes_query_086,0,0.004,data_2M,1
Q_1_subscribes,Q_1_subscribes_query_087,0,0.008,data_2M,1
Q_1_subscribes,Q_1_subscribes_query_088,0,0.004,data_2M,1
Q_1_subscribes,Q_1_subscribes_query_089,0,0.004,data_2M,1
Q_1_subscribes,Q_1_subscribes_query_090,23,0.027,data_2M,1
Q_1_subscribes,Q_1_subscribes_query_091,0,0.005,data_2M,1
Q_1_subscribes,Q_1_subscribes_query_092,0,0.005,data_2M,1
Q_1_subscribes,Q_1_subscribes_query_093,0,0.004,data_2M,1
Q_1_subscribes,Q_1_subscribes_query_094,23,0.017,data_2M,1
Q_1_subscribes,Q_1_subscribes_query_095,0,0.004,data_2M,1
Q_1_subscribes,Q_1_subscribes_query_096,0,0.005,data_2M,1
Q_1_subscribes,Q_1_subscribes_query_097,0,0.005,data_2M,1
Q_1_subscribes,Q_1_subscribes_query_098,0,0.004,data_2M,1
Q_1_subscribes,Q_1_subscribes_query_099,0,0.004,data_2M,1
Q_1_subscribes,Q_1_subscribes_query_100,23,0.018,data_2M,1
Q_2_includes_eligibleRegion,Q_2_includes_eligibleRegion_query_001,0,0.083,data_2M,2
Q_2_includes_eligibleRegion,Q_2_includes_eligibleRegion_query_002,0,0.033,data_2M,2
Q_2_includes_eligibleRegion,Q_2_includes_eligibleRegion_query_003,0,0.025,data_2M,2
Q_2_includes_eligibleRegion,Q_2_includes_eligibleRegion_query_004,0,0.018,data_2M,2
Q_2_includes_eligibleRegion,Q_2_includes_eligibleRegion_query_005,0,0.019,data_2M,2
Q_2_includes_eligibleRegion,Q_2_includes_eligibleRegion_query_006,0,0.047,data_2M,2
Q_2_includes_eligibleRegion,Q_2_includes_eligibleRegion_query_007,0,0.038,data_2M,2
Q_2_includes_eligibleRegion,Q_2_includes_eligibleRegion_query_008,0,0.009,data_2M,2
Q_2_includes_eligibleRegion,Q_2_includes_eligibleRegion_query_009,0,0.025,data_2M,2
Q_2_includes_eligibleRegion,Q_2_includes_eligibleRegion_query_010,0,0.007,data_2M,2
Q_2_includes_eligibleRegion,Q_2_includes_eligibleRegion_query_011,0,0.008,data_2M,2
Q_2_includes_eligibleRegion,Q_2_includes_eligibleRegion_query_012,0,0.279,data_2M,2
Q_2_includes_eligibleRegion,Q_2_includes_eligibleRegion_query_013,0,0.014,data_2M,2
Q_2_includes_eligibleRegion,Q_2_includes_eligibleRegion_query_014,0,0.016,data_2M,2
Q_2_includes_eligibleRegion,Q_2_includes_eligibleRegion_query_015,0,0.014,data_2M,2
Q_2_includes_eligibleRegion,Q_2_includes_eligibleRegion_query_016,0,0.011,data_2M,2
Q_2_includes_eligibleRegion,Q_2_includes_eligibleRegion_query_017,0,0.012,data_2M,2
Q_2_includes_eligibleRegion,Q_2_includes_eligibleRegion_query_018,0,0.030,data_2M,2
Q_2_includes_eligibleRegion,Q_2_includes_eligibleRegion_query_019,0,0.020,data_2M,2
Q_2_includes_eligibleRegion,Q_2_includes_eligibleRegion_query_020,0,0.014,data_2M,2
Q_2_includes_eligibleRegion,Q_2_includes_eligibleRegion_query_021,0,0.012,data_2M,2
Q_2_includes_eligibleRegion,Q_2_includes_eligibleRegion_query_022,0,0.012,data_2M,2
Q_2_includes_eligibleRegion,Q_2_includes_eligibleRegion_query_023,0,0.018,data_2M,2
Q_2_includes_eligibleRegion,Q_2_includes_eligibleRegion_query_024,0,0.013,data_2M,2
Q_2_includes_eligibleRegion,Q_2_includes_eligibleRegion_query_025,0,0.013,data_2M,2
Q_2_includes_eligibleRegion,Q_2_includes_eligibleRegion_query_026,0,0.013,data_2M,2
Q_2_includes_eligibleRegion,Q_2_includes_eligibleRegion_query_027,0,0.044,data_2M,2
Q_2_includes_eligibleRegion,Q_2_includes_eligibleRegion_query_028,0,0.007,data_2M,2
Q_2_includes_eligibleRegion,Q_2_includes_eligibleRegion_query_029,0,0.012,data_2M,2
Q_2_includes_eligibleRegion,Q_2_includes_eligibleRegion_query_030,0,0.019,data_2M,2
Q_2_includes_eligibleRegion,Q_2_includes_eligibleRegion_query_031,0,0.031,data_2M,2
Q_2_includes_eligibleRegion,Q_2_includes_eligibleRegion_query_032,0,0.008,data_2M,2
Q_2_includes_eligibleRegion,Q_2_includes_eligibleRegion_query_033,0,0.007,data_2M,2
Q_2_includes_eligibleRegion,Q_2_includes_eligibleRegion_query_034,0,0.008,data_2M,2
Q_2_includes_eligibleRegion,Q_2_includes_eligibleRegion_query_035,0,0.015,data_2M,2
Q_2_includes_eligibleRegion,Q_2_includes_eligibleRegion_query_036,0,0.012,data_2M,2
Q_2_includes_eligibleRegion,Q_2_includes_eligibleRegion_query_037,0,0.011,data_2M,2
Q_2_includes_eligibleRegion,Q_2_includes_eligibleRegion_query_038,0,0.010,data_2M,2
Q_2_includes_eligibleRegion,Q_2_includes_eligibleRegion_query_039,0,0.011,data_2M,2
Q_2_includes_eligibleRegion,Q_2_includes_eligibleRegion_query_040,0,0.011,data_2M,2
Q_2_includes_eligibleRegion,Q_2_includes_eligibleRegion_query_041,0,0.026,data_2M,2
Q_2_includes_eligibleRegion,Q_2_includes_eligibleRegion_query_042,0,0.007,data_2M,2
Q_2_includes_eligibleRegion,Q_2_includes_eligibleRegion_query_043,0,0.007,data_2M,2
Q_2_includes_eligibleRegion,Q_2_includes_eligibleRegion_query_044,0,0.007,data_2M,2
Q_2_includes_eligibleRegion,Q_2_includes_eligibleRegion_query_045,0,0.007,data_2M,2
Q_2_includes_eligibleRegion,Q_2_includes_eligibleRegion_query_046,0,0.007,data_2M,2
Q_2_includes_eligibleRegion,Q_2_includes_eligibleRegion_query_047,0,0.008,data_2M,2
Q_2_includes_eligibleRegion,Q_2_includes_eligibleRegion_query_048,0,0.007,data_2M,2
Q_2_includes_eligibleRegion,Q_2_includes_eligibleRegion_query_049,0,0.007,data_2M,2
Q_2_includes_eligibleRegion,Q_2_includes_eligibleRegion_query_050,0,0.007,data_2M,2
Q_2_includes_eligibleRegion,Q_2_includes_eligibleRegion_query_051,0,0.008,data_2M,2
Q_2_includes_eligibleRegion,Q_2_includes_eligibleRegion_query_052,0,0.010,data_2M,2
Q_2_includes_eligibleRegion,Q_2_includes_eligibleRegion_query_053,0,0.018,data_2M,2
Q_2_includes_eligibleRegion,Q_2_includes_eligibleRegion_query_054,0,0.009,data_2M,2
Q_2_includes_eligibleRegion,Q_2_includes_eligibleRegion_query_055,0,0.009,data_2M,2
Q_2_includes_eligibleRegion,Q_2_includes_eligibleRegion_query_056,0,0.011,data_2M,2
Q_2_includes_eligibleRegion,Q_2_includes_eligibleRegion_query_057,0,0.010,data_2M,2
Q_2_includes_eligibleRegion,Q_2_includes_eligibleRegion_query_058,0,0.010,data_2M,2
Q_2_includes_eligibleRegion,Q_2_includes_eligibleRegion_query_059,0,0.015,data_2M,2
Q_2_includes_eligibleRegion,Q_2_includes_eligibleRegion_query_060,0,0.016,data_2M,2
Q_2_includes_eligibleRegion,Q_2_includes_eligibleRegion_query_061,0,0.012,data_2M,2
Q_2_includes_eligibleRegion,Q_2_includes_eligibleRegion_query_062,0,0.014,data_2M,2
Q_2_includes_eligibleRegion,Q_2_includes_eligibleRegion_query_063,0,0.029,data_2M,2
Q_2_includes_eligibleRegion,Q_2_includes_eligibleRegion_query_064,0,0.011,data_2M,2
Q_2_includes_eligibleRegion,Q_2_includes_eligibleRegion_query_065,0,0.009,data_2M,2
Q_2_includes_eligibleRegion,Q_2_includes_eligibleRegion_query_066,0,0.013,data_2M,2
Q_2_includes_eligibleRegion,Q_2_includes_eligibleRegion_query_067,0,0.011,data_2M,2
Q_2_includes_eligibleRegion,Q_2_includes_eligibleRegion_query_068,0,0.011,data_2M,2
Q_2_includes_eligibleRegion,Q_2_includes_eligibleRegion_query_069,0,0.011,data_2M,2
Q_2_includes_eligibleRegion,Q_2_includes_eligibleRegion_query_070,0,0.015,data_2M,2
Q_2_includes_eligibleRegion,Q_2_includes_eligibleRegion_query_071,0,0.010,data_2M,2
Q_2_includes_eligibleRegion,Q_2_includes_eligibleRegion_query_072,0,0.011,data_2M,2
Q_2_includes_eligibleRegion,Q_2_includes_eligibleRegion_query_073,0,0.011,data_2M,2
Q_2_includes_eligibleRegion,Q_2_includes_eligibleRegion_query_074,0,0.011,data_2M,2
Q_2_includes_eligibleRegion,Q_2_includes_eligibleRegion_query_075,0,0.012,data_2M,2
Q_2_includes_eligibleRegion,Q_2_includes_eligibleRegion_query_076,0,0.007,data_2M,2
Q_2_includes_eligibleRegion,Q_2_includes_eligibleRegion_query_077,0,0.007,data_2M,2
Q_2_includes_eligibleRegion,Q_2_includes_eligibleRegion_query_078,0,0.007,data_2M,2
Q_2_includes_eligibleRegion,Q_2_includes_eligibleRegion_query_079,0,0.013,data_2M,2
Q_2_includes_eligibleRegion,Q_2_includes_eligibleRegion_query_080,0,0.013,data_2M,2
Q_2_includes_eligibleRegion,Q_2_includes_eligibleRegion_query_081,0,0.019,data_2M,2
Q_2_includes_eligibleRegion,Q_2_includes_eligibleRegion_query_082,0,1.290,data_2M,2
Q_2_includes_eligibleRegion,Q_2_includes_eligibleRegion_query_083,0,0.045,data_2M,2
Q_2_includes_eligibleRegion,Q_2_includes_eligibleRegion_query_084,0,0.018,data_2M,2
Q_2_includes_eligibleRegion,Q_2_includes_eligibleRegion_query_085,0,0.015,data_2M,2
Q_2_includes_eligibleRegion,Q_2_includes_eligibleRegion_query_086,0,0.014,data_2M,2
Q_2_includes_eligibleRegion,Q_2_includes_eligibleRegion_query_087,0,0.022,data_2M,2
Q_2_includes_eligibleRegion,Q_2_includes_eligibleRegion_query_088,0,0.061,data_2M,2
Q_2_includes_eligibleRegion,Q_2_includes_eligibleRegion_query_089,1,0.134,data_2M,2
Q_2_includes_eligibleRegion,Q_2_includes_eligibleRegion_query_090,0,0.025,data_2M,2
Q_2_includes_eligibleRegion,Q_2_includes_eligibleRegion_query_091,0,0.028,data_2M,2
Q_2_includes_eligibleRegion,Q_2_includes_eligibleRegion_query_092,0,0.030,data_2M,2
Q_2_includes_eligibleRegion,Q_2_includes_eligibleRegion_query_093,0,0.028,data_2M,2
Q_2_includes_eligibleRegion,Q_2_includes_eligibleRegion_query_094,0,0.031,data_2M,2
Q_2_includes_eligibleRegion,Q_2_includes_eligibleRegion_query_095,0,0.029,data_2M,2
Q_2_includes_eligibleRegion,Q_2_includes_eligibleRegion_query_096,0,0.055,data_2M,2
Q_2_includes_eligibleRegion,Q_2_includes_eligibleRegion_query_097,0,0.048,data_2M,2
Q_2_includes_eligibleRegion,Q_2_includes_eligibleRegion_query_098,0,0.032,data_2M,2
Q_2_includes_eligibleRegion,Q_2_includes_eligibleRegion_query_099,0,0.094,data_2M,2
Q_2_includes_eligibleRegion,Q_2_includes_eligibleRegion_query_100,0,0.028,data_2M,2
Q_2_likes_nationality,Q_2_likes_nationality_query_001,17,15.967,data_2M,2
Q_2_likes_nationality,Q_2_likes_nationality_query_002,0,0.821,data_2M,2
Q_2_likes_nationality,Q_2_likes_nationality_query_003,2,0.374,data_2M,2
Q_2_likes_nationality,Q_2_likes_nationality_query_004,0,0.291,data_2M,2
Q_2_likes_nationality,Q_2_likes_nationality_query_005,0,0.037,data_2M,2
Q_2_likes_nationality,Q_2_likes_nationality_query_006,0,0.066,data_2M,2
Q_2_likes_nationality,Q_2_likes_nationality_query_007,2,0.040,data_2M,2
Q_2_likes_nationality,Q_2_likes_nationality_query_008,0,0.116,data_2M,2
Q_2_likes_nationality,Q_2_likes_nationality_query_009,0,0.055,data_2M,2
Q_2_likes_nationality,Q_2_likes_nationality_query_010,0,0.023,data_2M,2
Q_2_likes_nationality,Q_2_likes_nationality_query_011,1,0.105,data_2M,2
Q_2_likes_nationality,Q_2_likes_nationality_query_012,0,0.169,data_2M,2
Q_2_likes_nationality,Q_2_likes_nationality_query_013,0,0.488,data_2M,2
Q_2_likes_nationality,Q_2_likes_nationality_query_014,0,0.083,data_2M,2
Q_2_likes_nationality,Q_2_likes_nationality_query_015,1,0.029,data_2M,2
Q_2_likes_nationality,Q_2_likes_nationality_query_016,0,0.141,data_2M,2
Q_2_likes_nationality,Q_2_likes_nationality_query_017,8,1.732,data_2M,2
Q_2_likes_nationality,Q_2_likes_nationality_query_018,0,0.350,data_2M,2
Q_2_likes_nationality,Q_2_likes_nationality_query_019,0,0.080,data_2M,2
Q_2_likes_nationality,Q_2_likes_nationality_query_020,0,0.031,data_2M,2
Q_2_likes_nationality,Q_2_likes_nationality_query_021,33,6.809,data_2M,2
Q_2_likes_nationality,Q_2_likes_nationality_query_022,4,0.300,data_2M,2
Q_2_likes_nationality,Q_2_likes_nationality_query_023,0,0.150,data_2M,2
Q_2_likes_nationality,Q_2_likes_nationality_query_024,0,0.022,data_2M,2
Q_2_likes_nationality,Q_2_likes_nationality_query_025,0,0.108,data_2M,2
Q_2_likes_nationality,Q_2_likes_nationality_query_026,0,0.030,data_2M,2
Q_2_likes_nationality,Q_2_likes_nationality_query_027,9,1.847,data_2M,2
Q_2_likes_nationality,Q_2_likes_nationality_query_028,1,0.085,data_2M,2
Q_2_likes_nationality,Q_2_likes_nationality_query_029,4,0.813,data_2M,2
Q_2_likes_nationality,Q_2_likes_nationality_query_030,0,0.113,data_2M,2
Q_2_likes_nationality,Q_2_likes_nationality_query_031,0,0.025,data_2M,2
Q_2_likes_nationality,Q_2_likes_nationality_query_032,0,0.037,data_2M,2
Q_2_likes_nationality,Q_2_likes_nationality_query_033,0,0.021,data_2M,2
Q_2_likes_nationality,Q_2_likes_nationality_query_034,0,0.075,data_2M,2
Q_2_likes_nationality,Q_2_likes_nationality_query_035,0,0.042,data_2M,2
Q_2_likes_nationality,Q_2_likes_nationality_query_036,0,0.049,data_2M,2
Q_2_likes_nationality,Q_2_likes_nationality_query_037,1,0.069,data_2M,2
Q_2_likes_nationality,Q_2_likes_nationality_query_038,0,0.136,data_2M,2
Q_2_likes_nationality,Q_2_likes_nationality_query_039,0,0.024,data_2M,2
Q_2_likes_nationality,Q_2_likes_nationality_query_040,1,0.060,data_2M,2
Q_2_likes_nationality,Q_2_likes_nationality_query_041,0,0.056,data_2M,2
Q_2_likes_nationality,Q_2_likes_nationality_query_042,0,0.060,data_2M,2
Q_2_likes_nationality,Q_2_likes_nationality_query_043,0,0.151,data_2M,2
Q_2_likes_nationality,Q_2_likes_nationality_query_044,0,0.028,data_2M,2
Q_2_likes_nationality,Q_2_likes_nationality_query_045,0,0.178,data_2M,2
Q_2_likes_nationality,Q_2_likes_nationality_query_046,0,0.020,data_2M,2
Q_2_likes_nationality,Q_2_likes_nationality_query_047,0,0.050,data_2M,2
Q_2_likes_nationality,Q_2_likes_nationality_query_048,0,0.038,data_2M,2
Q_2_likes_nationality,Q_2_likes_nationality_query_049,0,0.030,data_2M,2
Q_2_likes_nationality,Q_2_likes_nationality_query_050,0,0.037,data_2M,2
Q_2_likes_nationality,Q_2_likes_nationality_query_051,4,0.260,data_2M,2
Q_2_likes_nationality,Q_2_likes_nationality_query_052,0,0.078,data_2M,2
Q_2_likes_nationality,Q_2_likes_nationality_query_053,0,0.140,data_2M,2
Q_2_likes_nationality,Q_2_likes_nationality_query_054,2,0.071,data_2M,2
Q_2_likes_nationality,Q_2_likes_nationality_query_055,0,0.043,data_2M,2
Q_2_likes_nationality,Q_2_likes_nationality_query_056,0,0.018,data_2M,2
Q_2_likes_nationality,Q_2_likes_nationality_query_057,0,0.018,data_2M,2
Q_2_likes_nationality,Q_2_likes_nationality_query_058,0,0.025,data_2M,2
Q_2_likes_nationality,Q_2_likes_nationality_query_059,0,0.049,data_2M,2
Q_2_likes_nationality,Q_2_likes_nationality_query_060,1,0.067,data_2M,2
Q_2_likes_nationality,Q_2_likes_nationality_query_061,0,0.027,data_2M,2
Q_2_likes_nationality,Q_2_likes_nationality_query_062,0,0.030,data_2M,2
Q_2_likes_nationality,Q_2_likes_nationality_query_063,0,0.080,data_2M,2
Q_2_likes_nationality,Q_2_likes_nationality_query_064,0,0.018,data_2M,2
Q_2_likes_nationality,Q_2_likes_nationality_query_065,9,1.631,data_2M,2
Q_2_likes_nationality,Q_2_likes_nationality_query_066,1,0.049,data_2M,2
Q_2_likes_nationality,Q_2_likes_nationality_query_067,0,0.028,data_2M,2
Q_2_likes_nationality,Q_2_likes_nationality_query_068,17,2.166,data_2M,2
Q_2_likes_nationality,Q_2_likes_nationality_query_069,0,0.043,data_2M,2
Q_2_likes_nationality,Q_2_likes_nationality_query_070,0,0.013,data_2M,2
Q_2_likes_nationality,Q_2_likes_nationality_query_071,1,0.077,data_2M,2
Q_2_likes_nationality,Q_2_likes_nationality_query_072,0,0.021,data_2M,2
Q_2_likes_nationality,Q_2_likes_nationality_query_073,0,0.028,data_2M,2
Q_2_likes_nationality,Q_2_likes_nationality_query_074,0,0.046,data_2M,2
Q_2_likes_nationality,Q_2_likes_nationality_query_075,1,0.061,data_2M,2
Q_2_likes_nationality,Q_2_likes_nationality_query_076,0,0.024,data_2M,2
Q_2_likes_nationality,Q_2_likes_nationality_query_077,0,0.026,data_2M,2
Q_2_likes_nationality,Q_2_likes_nationality_query_078,0,0.045,data_2M,2
Q_2_likes_nationality,Q_2_likes_nationality_query_079,0,0.045,data_2M,2
Q_2_likes_nationality,Q_2_likes_nationality_query_080,0,0.026,data_2M,2
Q_2_likes_nationality,Q_2_likes_nationality_query_081,0,0.039,data_2M,2
Q_2_likes_nationality,Q_2_likes_nationality_query_082,0,0.167,data_2M,2
Q_2_likes_nationality,Q_2_likes_nationality_query_083,0,0.044,data_2M,2
Q_2_likes_nationality,Q_2_likes_nationality_query_084,0,0.036,data_2M,2
Q_2_likes_nationality,Q_2_likes_nationality_query_085,0,0.022,data_2M,2
Q_2_likes_nationality,Q_2_likes_nationality_query_086,0,0.020,data_2M,2
Q_2_likes_nationality,Q_2_likes_nationality_query_087,0,0.041,data_2M,2
Q_2_likes_nationality,Q_2_likes_nationality_query_088,0,0.032,data_2M,2
Q_2_likes_nationality,Q_2_likes_nationality_query_089,0,0.021,data_2M,2
Q_2_likes_nationality,Q_2_likes_nationality_query_090,0,0.034,data_2M,2
Q_2_likes_nationality,Q_2_likes_nationality_query_091,9,1.640,data_2M,2
Q_2_likes_nationality,Q_2_likes_nationality_query_092,0,0.076,data_2M,2
Q_2_likes_nationality,Q_2_likes_nationality_query_093,33,7.869,data_2M,2
Q_2_likes_nationality,Q_2_likes_nationality_query_094,0,0.361,data_2M,2
Q_2_likes_nationality,Q_2_likes_nationality_query_095,2,0.075,data_2M,2
Q_2_likes_nationality,Q_2_likes_nationality_query_096,0,0.031,data_2M,2
Q_2_likes_nationality,Q_2_likes_nationality_query_097,0,0.052,data_2M,2
Q_2_likes_nationality,Q_2_likes_nationality_query_098,0,0.016,data_2M,2
Q_2_likes_nationality,Q_2_likes_nationality_query_099,0,0.132,data_2M,2
Q_2_likes_nationality,Q_2_likes_nationality_query_100,0,0.038,data_2M,2
Q_2_subscribes_likes,Q_2_subscribes_likes_query_001,0,0.009,data_2M,2
Q_2_subscribes_likes,Q_2_subscribes_likes_query_002,0,0.012,data_2M,2
Q_2_subscribes_likes,Q_2_subscribes_likes_query_003,0,0.012,data_2M,2
Q_2_subscribes_likes,Q_2_subscribes_likes_query_004,0,0.013,data_2M,2
Q_2_subscribes_likes,Q_2_subscribes_likes_query_005,0,0.011,data_2M,2
Q_2_subscribes_likes,Q_2_subscribes_likes_query_006,0,0.012,data_2M,2
Q_2_subscribes_likes,Q_2_subscribes_likes_query_007,0,0.011,data_2M,2
Q_2_subscribes_likes,Q_2_subscribes_likes_query_008,0,0.010,data_2M,2
Q_2_subscribes_likes,Q_2_subscribes_likes_query_009,0,0.014,data_2M,2
Q_2_subscribes_likes,Q_2_subscribes_likes_query_010,0,0.009,data_2M,2
Q_2_subscribes_likes,Q_2_subscribes_likes_query_011,0,0.009,data_2M,2
Q_2_subscribes_likes,Q_2_subscribes_likes_query_012,0,0.013,data_2M,2
Q_2_subscribes_likes,Q_2_subscribes_likes_query_013,0,0.014,data_2M,2
Q_2_subscribes_likes,Q_2_subscribes_likes_query_014,0,0.012,data_2M,2
Q_2_subscribes_likes,Q_2_subscribes_likes_query_015,0,0.013,data_2M,2
Q_2_subscribes_likes,Q_2_subscribes_likes_query_016,0,0.010,data_2M,2
Q_2_subscribes_likes,Q_2_subscribes_likes_query_017,0,0.012,data_2M,2
Q_2_subscribes_likes,Q_2_subscribes_likes_query_018,0,0.009,data_2M,2
Q_2_subscribes_likes,Q_2_subscribes_likes_query_019,0,0.009,data_2M,2
Q_2_subscribes_likes,Q_2_subscribes_likes_query_020,0,0.010,data_2M,2
Q_2_subscribes_likes,Q_2_subscribes_likes_query_021,0,0.015,data_2M,2
Q_2_subscribes_likes,Q_2_subscribes_likes_query_022,0,0.009,data_2M,2
Q_2_subscribes_likes,Q_2_subscribes_likes_query_023,0,0.011,data_2M,2
Q_2_subscribes_likes,Q_2_subscribes_likes_query_024,0,0.014,data_2M,2
Q_2_subscribes_likes,Q_2_subscribes_likes_query_025,0,0.007,data_2M,2
Q_2_subscribes_likes,Q_2_subscribes_likes_query_026,0,0.008,data_2M,2
Q_2_subscribes_likes,Q_2_subscribes_likes_query_027,0,0.006,data_2M,2
Q_2_subscribes_likes,Q_2_subscribes_likes_query_028,0,0.006,data_2M,2
Q_2_subscribes_likes,Q_2_subscribes_likes_query_029,0,0.007,data_2M,2
Q_2_subscribes_likes,Q_2_subscribes_likes_query_030,0,0.006,data_2M,2
Q_2_subscribes_likes,Q_2_subscribes_likes_query_031,0,0.006,data_2M,2
Q_2_subscribes_likes,Q_2_subscribes_likes_query_032,0,0.006,data_2M,2
Q_2_subscribes_likes,Q_2_subscribes_likes_query_033,0,0.006,data_2M,2
Q_2_subscribes_likes,Q_2_subscribes_likes_query_034,0,0.021,data_2M,2
Q_2_subscribes_likes,Q_2_subscribes_likes_query_035,0,0.012,data_2M,2
Q_2_subscribes_likes,Q_2_subscribes_likes_query_036,0,0.015,data_2M,2
Q_2_subscribes_likes,Q_2_subscribes_likes_query_037,0,0.007,data_2M,2
Q_2_subscribes_likes,Q_2_subscribes_likes_query_038,0,0.010,data_2M,2
Q_2_subscribes_likes,Q_2_subscribes_likes_query_039,0,0.010,data_2M,2
Q_2_subscribes_likes,Q_2_subscribes_likes_query_040,0,0.006,data_2M,2
Q_2_subscribes_likes,Q_2_subscribes_likes_query_041,0,0.006,data_2M,2
Q_2_subscribes_likes,Q_2_subscribes_likes_query_042,0,0.007,data_2M,2
Q_2_subscribes_likes,Q_2_subscribes_likes_query_043,0,0.006,data_2M,2
Q_2_subscribes_likes,Q_2_subscribes_likes_query_044,0,0.006,data_2M,2
Q_2_subscribes_likes,Q_2_subscribes_likes_query_045,0,0.013,data_2M,2
Q_2_subscribes_likes,Q_2_subscribes_likes_query_046,0,0.006,data_2M,2
Q_2_subscribes_likes,Q_2_subscribes_likes_query_047,0,0.006,data_2M,2
Q_2_subscribes_likes,Q_2_subscribes_likes_query_048,0,0.006,data_2M,2
Q_2_subscribes_likes,Q_2_subscribes_likes_query_049,0,0.006,data_2M,2
Q_2_subscribes_likes,Q_2_subscribes_likes_query_050,0,0.135,data_2M,2
Q_2_subscribes_likes,Q_2_subscribes_likes_query_051,0,0.010,data_2M,2
Q_2_subscribes_likes,Q_2_subscribes_likes_query_052,0,0.017,data_2M,2
Q_2_subscribes_likes,Q_2_subscribes_likes_query_053,0,0.010,data_2M,2
Q_2_subscribes_likes,Q_2_subscribes_likes_query_054,0,0.016,data_2M,2
Q_2_subscribes_likes,Q_2_subscribes_likes_query_055,0,0.009,data_2M,2
Q_2_subscribes_likes,Q_2_subscribes_likes_query_056,0,0.012,data_2M,2
Q_2_subscribes_likes,Q_2_subscribes_likes_query_057,0,0.014,data_2M,2
Q_2_subscribes_likes,Q_2_subscribes_likes_query_058,0,0.018,data_2M,2
Q_2_subscribes_likes,Q_2_subscribes_likes_query_059,0,0.009,data_2M,2
Q_2_subscribes_likes,Q_2_subscribes_likes_query_060,0,0.012,data_2M,2
Q_2_subscribes_likes,Q_2_subscribes_likes_query_061,0,0.010,data_2M,2
Q_2_subscribes_likes,Q_2_subscribes_likes_query_062,0,0.012,data_2M,2
Q_2_subscribes_likes,Q_2_subscribes_likes_query_063,0,0.013,data_2M,2
Q_2_subscribes_likes,Q_2_subscribes_likes_query_064,0,0.012,data_2M,2
Q_2_subscribes_likes,Q_2_subscribes_likes_query_065,0,0.010,data_2M,2
Q_2_subscribes_likes,Q_2_subscribes_likes_query_066,0,0.012,data_2M,2
Q_2_subscribes_likes,Q_2_subscribes_likes_query_067,0,0.009,data_2M,2
Q_2_subscribes_likes,Q_2_subscribes_likes_query_068,0,0.014,data_2M,2
Q_2_subscribes_likes,Q_2_subscribes_likes_query_069,0,0.009,data_2M,2
Q_2_subscribes_likes,Q_2_subscribes_likes_query_070,0,0.010,data_2M,2
Q_2_subscribes_likes,Q_2_subscribes_likes_query_071,0,0.013,data_2M,2
Q_2_subscribes_likes,Q_2_subscribes_likes_query_072,0,0.010,data_2M,2
Q_2_subscribes_likes,Q_2_subscribes_likes_query_073,0,0.011,data_2M,2
Q_2_subscribes_likes,Q_2_subscribes_likes_query_074,0,0.012,data_2M,2
Q_2_subscribes_likes,Q_2_subscribes_likes_query_075,0,0.011,data_2M,2
Q_2_subscribes_likes,Q_2_subscribes_likes_query_076,0,0.007,data_2M,2
Q_2_subscribes_likes,Q_2_subscribes_likes_query_077,0,0.007,data_2M,2
Q_2_subscribes_likes,Q_2_subscribes_likes_query_078,0,0.011,data_2M,2
Q_2_subscribes_likes,Q_2_subscribes_likes_query_079,0,0.018,data_2M,2
Q_2_subscribes_likes,Q_2_subscribes_likes_query_080,0,0.009,data_2M,2
Q_2_subscribes_likes,Q_2_subscribes_likes_query_081,0,0.011,data_2M,2
Q_2_subscribes_likes,Q_2_subscribes_likes_query_082,0,0.009,data_2M,2
Q_2_subscribes_likes,Q_2_subscribes_likes_query_083,0,0.013,data_2M,2
Q_2_subscribes_likes,Q_2_subscribes_likes_query_084,0,0.013,data_2M,2
Q_2_subscribes_likes,Q_2_subscribes_likes_query_085,0,0.017,data_2M,2
Q_2_subscribes_likes,Q_2_subscribes_likes_query_086,0,0.009,data_2M,2
Q_2_subscribes_likes,Q_2_subscribes_likes_query_087,0,0.009,data_2M,2
Q_2_subscribes_likes,Q_2_subscribes_likes_query_088,0,0.010,data_2M,2
Q_2_subscribes_likes,Q_2_subscribes_likes_query_089,0,0.011,data_2M,2
Q_2_subscribes_likes,Q_2_subscribes_likes_query_090,0,0.007,data_2M,2
Q_2_subscribes_likes,Q_2_subscribes_likes_query_091,0,0.006,data_2M,2
Q_2_subscribes_likes,Q_2_subscribes_likes_query_092,0,0.006,data_2M,2
Q_2_subscribes_likes,Q_2_subscribes_likes_query_093,0,0.006,data_2M,2
Q_2_subscribes_likes,Q_2_subscribes_likes_query_094,0,0.006,data_2M,2
Q_2_subscribes_likes,Q_2_subscribes_likes_query_095,0,0.007,data_2M,2
Q_2_subscribes_likes,Q_2_subscribes_likes_query_096,0,0.006,data_2M,2
Q_2_subscribes_likes,Q_2_subscribes_likes_query_097,0,0.013,data_2M,2
Q_2_subscribes_likes,Q_2_subscribes_likes_query_098,0,0.008,data_2M,2
Q_2_subscribes_likes,Q_2_subscribes_likes_query_099,0,0.006,data_2M,2
Q_2_subscribes_likes,Q_2_subscribes_likes_query_100,0,0.007,data_2M,2
Q_2_tag_homepage,Q_2_tag_homepage_query_001,0,0.016,data_2M,2
Q_2_tag_homepage,Q_2_tag_homepage_query_002,0,0.014,data_2M,2
Q_2_tag_homepage,Q_2_tag_homepage_query_003,0,0.013,data_2M,2
Q_2_tag_homepage,Q_2_tag_homepage_query_004,0,0.010,data_2M,2
Q_2_tag_homepage,Q_2_tag_homepage_query_005,0,0.012,data_2M,2
Q_2_tag_homepage,Q_2_tag_homepage_query_006,0,0.060,data_2M,2
Q_2_tag_homepage,Q_2_tag_homepage_query_007,0,0.063,data_2M,2
Q_2_tag_homepage,Q_2_tag_homepage_query_008,0,0.014,data_2M,2
Q_2_tag_homepage,Q_2_tag_homepage_query_009,0,0.007,data_2M,2
Q_2_tag_homepage,Q_2_tag_homepage_query_010,0,0.012,data_2M,2
Q_2_tag_homepage,Q_2_tag_homepage_query_011,0,0.010,data_2M,2
Q_2_tag_homepage,Q_2_tag_homepage_query_012,0,0.009,data_2M,2
Q_2_tag_homepage,Q_2_tag_homepage_query_013,0,0.014,data_2M,2
Q_2_tag_homepage,Q_2_tag_homepage_query_014,0,0.013,data_2M,2
Q_2_tag_homepage,Q_2_tag_homepage_query_015,0,0.015,data_2M,2
Q_2_tag_homepage,Q_2_tag_homepage_query_016,0,0.014,data_2M,2
Q_2_tag_homepage,Q_2_tag_homepage_query_017,0,0.021,data_2M,2
Q_2_tag_homepage,Q_2_tag_homepage_query_018,0,0.013,data_2M,2
Q_2_tag_homepage,Q_2_tag_homepage_query_019,0,0.012,data_2M,2
Q_2_tag_homepage,Q_2_tag_homepage_query_020,0,0.015,data_2M,2
Q_2_tag_homepage,Q_2_tag_homepage_query_021,0,0.015,data_2M,2
Q_2_tag_homepage,Q_2_tag_homepage_query_022,0,0.015,data_2M,2
Q_2_tag_homepage,Q_2_tag_homepage_query_023,0,0.016,data_2M,2
Q_2_tag_homepage,Q_2_tag_homepage_query_024,0,0.013,data_2M,2
Q_2_tag_homepage,Q_2_tag_homepage_query_025,0,0.012,data_2M,2
Q_2_tag_homepage,Q_2_tag_homepage_query_026,0,0.022,data_2M,2
Q_2_tag_homepage,Q_2_tag_homepage_query_027,0,0.042,data_2M,2
Q_2_tag_homepage,Q_2_tag_homepage_query_028,0,0.006,data_2M,2
Q_2_tag_homepage,Q_2_tag_homepage_query_029,0,0.013,data_2M,2
Q_2_tag_homepage,Q_2_tag_homepage_query_030,0,0.007,data_2M,2
Q_2_tag_homepage,Q_2_tag_homepage_query_031,0,0.128,data_2M,2
Q_2_tag_homepage,Q_2_tag_homepage_query_032,0,0.013,data_2M,2
Q_2_tag_homepage,Q_2_tag_homepage_query_033,0,0.013,data_2M,2
Q_2_tag_homepage,Q_2_tag_homepage_query_034,0,0.015,data_2M,2
Q_2_tag_homepage,Q_2_tag_homepage_query_035,0,0.008,data_2M,2
Q_2_tag_homepage,Q_2_tag_homepage_query_036,0,0.011,data_2M,2
Q_2_tag_homepage,Q_2_tag_homepage_query_037,0,0.070,data_2M,2
Q_2_tag_homepage,Q_2_tag_homepage_query_038,0,0.007,data_2M,2
Q_2_tag_homepage,Q_2_tag_homepage_query_039,0,0.008,data_2M,2
Q_2_tag_homepage,Q_2_tag_homepage_query_040,0,0.009,data_2M,2
Q_2_tag_homepage,Q_2_tag_homepage_query_041,0,0.012,data_2M,2
Q_2_tag_homepage,Q_2_tag_homepage_query_042,0,0.014,data_2M,2
Q_2_tag_homepage,Q_2_tag_homepage_query_043,0,0.009,data_2M,2
Q_2_tag_homepage,Q_2_tag_homepage_query_044,0,0.021,data_2M,2
Q_2_tag_homepage,Q_2_tag_homepage_query_045,0,0.014,data_2M,2
Q_2_tag_homepage,Q_2_tag_homepage_query_046,0,0.036,data_2M,2
Q_2_tag_homepage,Q_2_tag_homepage_query_047,0,0.009,data_2M,2
Q_2_tag_homepage,Q_2_tag_homepage_query_048,0,0.007,data_2M,2
Q_2_tag_homepage,Q_2_tag_homepage_query_049,0,0.010,data_2M,2
Q_2_tag_homepage,Q_2_tag_homepage_query_050,0,0.007,data_2M,2
Q_2_tag_homepage,Q_2_tag_homepage_query_051,1,0.020,data_2M,2
Q_2_tag_homepage,Q_2_tag_homepage_query_052,0,0.010,data_2M,2
Q_2_tag_homepage,Q_2_tag_homepage_query_053,0,0.007,data_2M,2
Q_2_tag_homepage,Q_2_tag_homepage_query_054,0,0.008,data_2M,2
Q_2_tag_homepage,Q_2_tag_homepage_query_055,0,0.010,data_2M,2
Q_2_tag_homepage,Q_2_tag_homepage_query_056,0,0.009,data_2M,2
Q_2_tag_homepage,Q_2_tag_homepage_query_057,0,0.012,data_2M,2
Q_2_tag_homepage,Q_2_tag_homepage_query_058,0,0.027,data_2M,2
Q_2_tag_homepage,Q_2_tag_homepage_query_059,0,0.056,data_2M,2
Q_2_tag_homepage,Q_2_tag_homepage_query_060,0,0.068,data_2M,2
Q_2_tag_homepage,Q_2_tag_homepage_query_061,0,0.010,data_2M,2
Q_2_tag_homepage,Q_2_tag_homepage_query_062,0,0.011,data_2M,2
Q_2_tag_homepage,Q_2_tag_homepage_query_063,0,0.102,data_2M,2
Q_2_tag_homepage,Q_2_tag_homepage_query_064,0,0.010,data_2M,2
Q_2_tag_homepage,Q_2_tag_homepage_query_065,0,0.011,data_2M,2
Q_2_tag_homepage,Q_2_tag_homepage_query_066,0,0.027,data_2M,2
Q_2_tag_homepage,Q_2_tag_homepage_query_067,0,0.011,data_2M,2
Q_2_tag_homepage,Q_2_tag_homepage_query_068,0,0.010,data_2M,2
Q_2_tag_homepage,Q_2_tag_homepage_query_069,0,0.012,data_2M,2
Q_2_tag_homepage,Q_2_tag_homepage_query_070,0,0.013,data_2M,2
Q_2_tag_homepage,Q_2_tag_homepage_query_071,0,0.012,data_2M,2
Q_2_tag_homepage,Q_2_tag_homepage_query_072,0,0.017,data_2M,2
Q_2_tag_homepage,Q_2_tag_homepage_query_073,0,0.007,data_2M,2
Q_2_tag_homepage,Q_2_tag_homepage_query_074,0,0.058,data_2M,2
Q_2_tag_homepage,Q_2_tag_homepage_query_075,0,0.010,data_2M,2
Q_2_tag_homepage,Q_2_tag_homepage_query_076,0,0.013,data_2M,2
Q_2_tag_homepage,Q_2_tag_homepage_query_077,0,0.026,data_2M,2
Q_2_tag_homepage,Q_2_tag_homepage_query_078,0,0.014,data_2M,2
Q_2_tag_homepage,Q_2_tag_homepage_query_079,0,0.013,data_2M,2
Q_2_tag_homepage,Q_2_tag_homepage_query_080,0,0.017,data_2M,2
Q_2_tag_homepage,Q_2_tag_homepage_query_081,0,0.015,data_2M,2
Q_2_tag_homepage,Q_2_tag_homepage_query_082,0,0.014,data_2M,2
Q_2_tag_homepage,Q_2_tag_homepage_query_083,0,0.015,data_2M,2
Q_2_tag_homepage,Q_2_tag_homepage_query_084,0,0.015,data_2M,2
Q_2_tag_homepage,Q_2_tag_homepage_query_085,0,0.012,data_2M,2
Q_2_tag_homepage,Q_2_tag_homepage_query_086,0,0.012,data_2M,2
Q_2_tag_homepage,Q_2_tag_homepage_query_087,0,0.017,data_2M,2
Q_2_tag_homepage,Q_2_tag_homepage_query_088,0,0.012,data_2M,2
Q_2_tag_homepage,Q_2_tag_homepage_query_089,0,0.047,data_2M,2
Q_2_tag_homepage,Q_2_tag_homepage_query_090,0,0.038,data_2M,2
Q_2_tag_homepage,Q_2_tag_homepage_query_091,0,0.010,data_2M,2
Q_2_tag_homepage,Q_2_tag_homepage_query_092,0,0.055,data_2M,2
Q_2_tag_homepage,Q_2_tag_homepage_query_093,0,0.012,data_2M,2
Q_2_tag_homepage,Q_2_tag_homepage_query_094,0,0.011,data_2M,2
Q_2_tag_homepage,Q_2_tag_homepage_query_095,0,0.010,data_2M,2
Q_2_tag_homepage,Q_2_tag_homepage_query_096,0,0.012,data_2M,2
Q_2_tag_homepage,Q_2_tag_homepage_query_097,0,0.011,data_2M,2
Q_2_tag_homepage,Q_2_tag_homepage_query_098,0,0.013,data_2M,2
Q_2_tag_homepage,Q_2_tag_homepage_query_099,0,0.021,data_2M,2
Q_2_tag_homepage,Q_2_tag_homepage_query_100,0,0.008,data_2M,2
Q_3_location_gender_type,Q_3_location_gender_type_query_001,7,1.207,data_2M,3
Q_3_location_gender_type,Q_3_location_gender_type_query_002,15,1.469,data_2M,3
Q_3_location_gender_type,Q_3_location_gender_type_query_003,4,0.812,data_2M,3
Q_3_location_gender_type,Q_3_location_gender_type_query_004,3,0.283,data_2M,3
Q_3_location_gender_type,Q_3_location_gender_type_query_005,57,6.725,data_2M,3
Q_3_location_gender_type,Q_3_location_gender_type_query_006,48,21.360,data_2M,3
Q_3_location_gender_type,Q_3_location_gender_type_query_007,2,0.248,data_2M,3
Q_3_location_gender_type,Q_3_location_gender_type_query_008,132,14.285,data_2M,3
Q_3_location_gender_type,Q_3_location_gender_type_query_009,0,0.156,data_2M,3
Q_3_location_gender_type,Q_3_location_gender_type_query_010,16,6.103,data_2M,3
Q_3_location_gender_type,Q_3_location_gender_type_query_011,25,2.642,data_2M,3
Q_3_location_gender_type,Q_3_location_gender_type_query_012,2,0.108,data_2M,3
Q_3_location_gender_type,Q_3_location_gender_type_query_013,1,0.094,data_2M,3
Q_3_location_gender_type,Q_3_location_gender_type_query_014,2,0.121,data_2M,3
Q_3_location_gender_type,Q_3_location_gender_type_query_015,0,0.105,data_2M,3
Q_3_location_gender_type,Q_3_location_gender_type_query_016,2,0.315,data_2M,3
Q_3_location_gender_type,Q_3_location_gender_type_query_017,25,2.307,data_2M,3
Q_3_location_gender_type,Q_3_location_gender_type_query_018,3,0.308,data_2M,3
Q_3_location_gender_type,Q_3_location_gender_type_query_019,0,1.262,data_2M,3
Q_3_location_gender_type,Q_3_location_gender_type_query_020,0,0.062,data_2M,3
Q_3_location_gender_type,Q_3_location_gender_type_query_021,13,0.697,data_2M,3
Q_3_location_gender_type,Q_3_location_gender_type_query_022,132,13.418,data_2M,3
Q_3_location_gender_type,Q_3_location_gender_type_query_023,2,0.382,data_2M,3
Q_3_location_gender_type,Q_3_location_gender_type_query_024,57,8.471,data_2M,3
Q_3_location_gender_type,Q_3_location_gender_type_query_025,132,10.783,data_2M,3
Q_3_location_gender_type,Q_3_location_gender_type_query_026,18,1.250,data_2M,3
Q_3_location_gender_type,Q_3_location_gender_type_query_027,0,0.054,data_2M,3
Q_3_location_gender_type,Q_3_location_gender_type_query_028,1,0.314,data_2M,3
Q_3_location_gender_type,Q_3_location_gender_type_query_029,0,0.064,data_2M,3
Q_3_location_gender_type,Q_3_location_gender_type_query_030,15,1.367,data_2M,3
Q_3_location_gender_type,Q_3_location_gender_type_query_031,132,12.055,data_2M,3
Q_3_location_gender_type,Q_3_location_gender_type_query_032,10,3.993,data_2M,3
Q_3_location_gender_type,Q_3_location_gender_type_query_033,0,0.145,data_2M,3
Q_3_location_gender_type,Q_3_location_gender_type_query_034,132,14.866,data_2M,3
Q_3_location_gender_type,Q_3_location_gender_type_query_035,2,0.242,data_2M,3
Q_3_location_gender_type,Q_3_location_gender_type_query_036,132,16.729,data_2M,3
Q_3_location_gender_type,Q_3_location_gender_type_query_037,2,0.191,data_2M,3
Q_3_location_gender_type,Q_3_location_gender_type_query_038,4,0.318,data_2M,3
Q_3_location_gender_type,Q_3_location_gender_type_query_039,6,0.722,data_2M,3
Q_3_location_gender_type,Q_3_location_gender_type_query_040,5,0.445,data_2M,3
Q_3_location_gender_type,Q_3_location_gender_type_query_041,13,0.637,data_2M,3
Q_3_location_gender_type,Q_3_location_gender_type_query_042,132,9.884,data_2M,3
Q_3_location_gender_type,Q_3_location_gender_type_query_043,0,0.092,data_2M,3
Q_3_location_gender_type,Q_3_location_gender_type_query_044,0,0.037,data_2M,3
Q_3_location_gender_type,Q_3_location_gender_type_query_045,1,0.097,data_2M,3
Q_3_location_gender_type,Q_3_location_gender_type_query_046,57,5.255,data_2M,3
Q_3_location_gender_type,Q_3_location_gender_type_query_047,132,9.813,data_2M,3
Q_3_location_gender_type,Q_3_location_gender_type_query_048,26,4.814,data_2M,3
Q_3_location_gender_type,Q_3_location_gender_type_query_049,132,11.703,data_2M,3
Q_3_location_gender_type,Q_3_location_gender_type_query_050,132,9.817,data_2M,3
Q_3_location_gender_type,Q_3_location_gender_type_query_051,132,9.597,data_2M,3
Q_3_location_gender_type,Q_3_location_gender_type_query_052,18,1.267,data_2M,3
Q_3_location_gender_type,Q_3_location_gender_type_query_053,48,10.824,data_2M,3
Q_3_location_gender_type,Q_3_location_gender_type_query_054,132,11.258,data_2M,3
Q_3_location_gender_type,Q_3_location_gender_type_query_055,16,5.086,data_2M,3
Q_3_location_gender_type,Q_3_location_gender_type_query_056,48,9.384,data_2M,3
Q_3_location_gender_type,Q_3_location_gender_type_query_057,132,9.766,data_2M,3
Q_3_location_gender_type,Q_3_location_gender_type_query_058,13,0.625,data_2M,3
Q_3_location_gender_type,Q_3_location_gender_type_query_059,132,10.977,data_2M,3
Q_3_location_gender_type,Q_3_location_gender_type_query_060,132,10.022,data_2M,3
Q_3_location_gender_type,Q_3_location_gender_type_query_061,25,2.409,data_2M,3
Q_3_location_gender_type,Q_3_location_gender_type_query_062,4,1.767,data_2M,3
Q_3_location_gender_type,Q_3_location_gender_type_query_063,3,0.309,data_2M,3
Q_3_location_gender_type,Q_3_location_gender_type_query_064,0,0.094,data_2M,3
Q_3_location_gender_type,Q_3_location_gender_type_query_065,2,0.150,data_2M,3
Q_3_location_gender_type,Q_3_location_gender_type_query_066,0,1.108,data_2M,3
Q_3_location_gender_type,Q_3_location_gender_type_query_067,37,3.681,data_2M,3
Q_3_location_gender_type,Q_3_location_gender_type_query_068,0,0.067,data_2M,3
Q_3_location_gender_type,Q_3_location_gender_type_query_069,1,1.069,data_2M,3
Q_3_location_gender_type,Q_3_location_gender_type_query_070,0,0.142,data_2M,3
Q_3_location_gender_type,Q_3_location_gender_type_query_071,1,0.065,data_2M,3
Q_3_location_gender_type,Q_3_location_gender_type_query_072,11,2.035,data_2M,3
Q_3_location_gender_type,Q_3_location_gender_type_query_073,1,0.523,data_2M,3
Q_3_location_gender_type,Q_3_location_gender_type_query_074,18,1.127,data_2M,3
Q_3_location_gender_type,Q_3_location_gender_type_query_075,26,2.041,data_2M,3
Q_3_location_gender_type,Q_3_location_gender_type_query_076,0,0.306,data_2M,3
Q_3_location_gender_type,Q_3_location_gender_type_query_077,132,9.728,data_2M,3
Q_3_location_gender_type,Q_3_location_gender_type_query_078,25,2.160,data_2M,3
Q_3_location_gender_type,Q_3_location_gender_type_query_079,48,9.367,data_2M,3
Q_3_location_gender_type,Q_3_location_gender_type_query_080,132,10.000,data_2M,3
Q_3_location_gender_type,Q_3_location_gender_type_query_081,132,10.273,data_2M,3
Q_3_location_gender_type,Q_3_location_gender_type_query_082,0,0.071,data_2M,3
Q_3_location_gender_type,Q_3_location_gender_type_query_083,0,0.101,data_2M,3
Q_3_location_gender_type,Q_3_location_gender_type_query_084,6,0.642,data_2M,3
Q_3_location_gender_type,Q_3_location_gender_type_query_085,0,0.064,data_2M,3
Q_3_location_gender_type,Q_3_location_gender_type_query_086,48,9.418,data_2M,3
Q_3_location_gender_type,Q_3_location_gender_type_query_087,2,0.231,data_2M,3
Q_3_location_gender_type,Q_3_location_gender_type_query_088,132,10.006,data_2M,3
Q_3_location_gender_type,Q_3_location_gender_type_query_089,57,7.871,data_2M,3
Q_3_location_gender_type,Q_3_location_gender_type_query_090,6,0.768,data_2M,3
Q_3_location_gender_type,Q_3_location_gender_type_query_091,10,3.548,data_2M,3
Q_3_location_gender_type,Q_3_location_gender_type_query_092,1,0.428,data_2M,3
Q_3_location_gender_type,Q_3_location_gender_type_query_093,3,0.229,data_2M,3
Q_3_location_gender_type,Q_3_location_gender_type_query_094,57,5.320,data_2M,3
Q_3_location_gender_type,Q_3_location_gender_type_query_095,3,0.330,data_2M,3
Q_3_location_gender_type,Q_3_location_gender_type_query_096,0,0.125,data_2M,3
Q_3_location_gender_type,Q_3_location_gender_type_query_097,132,10.223,data_2M,3
Q_3_location_gender_type,Q_3_location_gender_type_query_098,0,0.106,data_2M,3
Q_3_location_gender_type,Q_3_location_gender_type_query_099,2,0.638,data_2M,3
Q_3_location_gender_type,Q_3_location_gender_type_query_100,3,0.292,data_2M,3
Q_3_location_nationality_gender,Q_3_location_nationality_gender_query_001,0,0.026,data_2M,3
Q_3_location_nationality_gender,Q_3_location_nationality_gender_query_002,0,1.300,data_2M,3
Q_3_location_nationality_gender,Q_3_location_nationality_gender_query_003,0,0.775,data_2M,3
Q_3_location_nationality_gender,Q_3_location_nationality_gender_query_004,0,0.106,data_2M,3
Q_3_location_nationality_gender,Q_3_location_nationality_gender_query_005,10,5.626,data_2M,3
Q_3_location_nationality_gender,Q_3_location_nationality_gender_query_006,1,0.861,data_2M,3
Q_3_location_nationality_gender,Q_3_location_nationality_gender_query_007,0,0.151,data_2M,3
Q_3_location_nationality_gender,Q_3_location_nationality_gender_query_008,0,0.061,data_2M,3
Q_3_location_nationality_gender,Q_3_location_nationality_gender_query_009,0,0.097,data_2M,3
Q_3_location_nationality_gender,Q_3_location_nationality_gender_query_010,0,0.097,data_2M,3
Q_3_location_nationality_gender,Q_3_location_nationality_gender_query_011,0,3.393,data_2M,3
Q_3_location_nationality_gender,Q_3_location_nationality_gender_query_012,0,0.237,data_2M,3
Q_3_location_nationality_gender,Q_3_location_nationality_gender_query_013,0,0.439,data_2M,3
Q_3_location_nationality_gender,Q_3_location_nationality_gender_query_014,0,0.305,data_2M,3
Q_3_location_nationality_gender,Q_3_location_nationality_gender_query_015,0,0.150,data_2M,3
Q_3_location_nationality_gender,Q_3_location_nationality_gender_query_016,0,0.262,data_2M,3
Q_3_location_nationality_gender,Q_3_location_nationality_gender_query_017,9,2.914,data_2M,3
Q_3_location_nationality_gender,Q_3_location_nationality_gender_query_018,0,0.287,data_2M,3
Q_3_location_nationality_gender,Q_3_location_nationality_gender_query_019,0,0.040,data_2M,3
Q_3_location_nationality_gender,Q_3_location_nationality_gender_query_020,0,0.042,data_2M,3
Q_3_location_nationality_gender,Q_3_location_nationality_gender_query_021,1,0.617,data_2M,3
Q_3_location_nationality_gender,Q_3_location_nationality_gender_query_022,4,0.813,data_2M,3
Q_3_location_nationality_gender,Q_3_location_nationality_gender_query_023,0,0.260,data_2M,3
Q_3_location_nationality_gender,Q_3_location_nationality_gender_query_024,8,6.146,data_2M,3
Q_3_location_nationality_gender,Q_3_location_nationality_gender_query_025,0,0.113,data_2M,3
Q_3_location_nationality_gender,Q_3_location_nationality_gender_query_026,3,1.270,data_2M,3
Q_3_location_nationality_gender,Q_3_location_nationality_gender_query_027,0,0.052,data_2M,3
Q_3_location_nationality_gender,Q_3_location_nationality_gender_query_028,0,0.130,data_2M,3
Q_3_location_nationality_gender,Q_3_location_nationality_gender_query_029,0,0.064,data_2M,3
Q_3_location_nationality_gender,Q_3_location_nationality_gender_query_030,2,1.219,data_2M,3
Q_3_location_nationality_gender,Q_3_location_nationality_gender_query_031,0,0.150,data_2M,3
Q_3_location_nationality_gender,Q_3_location_nationality_gender_query_032,0,0.163,data_2M,3
Q_3_location_nationality_gender,Q_3_location_nationality_gender_query_033,0,0.104,data_2M,3
Q_3_location_nationality_gender,Q_3_location_nationality_gender_query_034,1,0.058,data_2M,3
Q_3_location_nationality_gender,Q_3_location_nationality_gender_query_035,0,0.074,data_2M,3
Q_3_location_nationality_gender,Q_3_location_nationality_gender_query_036,0,0.024,data_2M,3
Q_3_location_nationality_gender,Q_3_location_nationality_gender_query_037,0,0.080,data_2M,3
Q_3_location_nationality_gender,Q_3_location_nationality_gender_query_038,0,0.304,data_2M,3
Q_3_location_nationality_gender,Q_3_location_nationality_gender_query_039,0,0.567,data_2M,3
Q_3_location_nationality_gender,Q_3_location_nationality_gender_query_040,0,0.392,data_2M,3
Q_3_location_nationality_gender,Q_3_location_nationality_gender_query_041,0,0.605,data_2M,3
Q_3_location_nationality_gender,Q_3_location_nationality_gender_query_042,6,10.249,data_2M,3
Q_3_location_nationality_gender,Q_3_location_nationality_gender_query_043,0,0.113,data_2M,3
Q_3_location_nationality_gender,Q_3_location_nationality_gender_query_044,0,0.054,data_2M,3
Q_3_location_nationality_gender,Q_3_location_nationality_gender_query_045,0,0.043,data_2M,3
Q_3_location_nationality_gender,Q_3_location_nationality_gender_query_046,10,201.346,data_2M,3
Q_3_location_nationality_gender,Q_3_location_nationality_gender_query_047,0,0.238,data_2M,3
Q_3_location_nationality_gender,Q_3_location_nationality_gender_query_048,0,0.366,data_2M,3
Q_3_location_nationality_gender,Q_3_location_nationality_gender_query_049,1,0.790,data_2M,3
Q_3_location_nationality_gender,Q_3_location_nationality_gender_query_050,8,27.184,data_2M,3
Q_3_location_nationality_gender,Q_3_location_nationality_gender_query_051,6,10.279,data_2M,3
Q_3_location_nationality_gender,Q_3_location_nationality_gender_query_052,1,1.619,data_2M,3
Q_3_location_nationality_gender,Q_3_location_nationality_gender_query_053,1,0.158,data_2M,3
Q_3_location_nationality_gender,Q_3_location_nationality_gender_query_054,0,0.165,data_2M,3
Q_3_location_nationality_gender,Q_3_location_nationality_gender_query_055,0,9.949,data_2M,3
Q_3_location_nationality_gender,Q_3_location_nationality_gender_query_056,0,0.116,data_2M,3
Q_3_location_nationality_gender,Q_3_location_nationality_gender_query_057,24,10.495,data_2M,3
Q_3_location_nationality_gender,Q_3_location_nationality_gender_query_058,2,0.772,data_2M,3
Q_3_location_nationality_gender,Q_3_location_nationality_gender_query_059,5,1.076,data_2M,3
Q_3_location_nationality_gender,Q_3_location_nationality_gender_query_060,1,0.095,data_2M,3
Q_3_location_nationality_gender,Q_3_location_nationality_gender_query_061,4,2.352,data_2M,3
Q_3_location_nationality_gender,Q_3_location_nationality_gender_query_062,2,1.523,data_2M,3
Q_3_location_nationality_gender,Q_3_location_nationality_gender_query_063,0,0.301,data_2M,3
Q_3_location_nationality_gender,Q_3_location_nationality_gender_query_064,0,0.093,data_2M,3
Q_3_location_nationality_gender,Q_3_location_nationality_gender_query_065,0,0.164,data_2M,3
Q_3_location_nationality_gender,Q_3_location_nationality_gender_query_066,0,0.102,data_2M,3
Q_3_location_nationality_gender,Q_3_location_nationality_gender_query_067,0,0.219,data_2M,3
Q_3_location_nationality_gender,Q_3_location_nationality_gender_query_068,0,0.040,data_2M,3
Q_3_location_nationality_gender,Q_3_location_nationality_gender_query_069,0,0.958,data_2M,3
Q_3_location_nationality_gender,Q_3_location_nationality_gender_query_070,0,0.141,data_2M,3
Q_3_location_nationality_gender,Q_3_location_nationality_gender_query_071,0,0.170,data_2M,3
Q_3_location_nationality_gender,Q_3_location_nationality_gender_query_072,0,0.195,data_2M,3
Q_3_location_nationality_gender,Q_3_location_nationality_gender_query_073,0,0.549,data_2M,3
Q_3_location_nationality_gender,Q_3_location_nationality_gender_query_074,0,1.149,data_2M,3
Q_3_location_nationality_gender,Q_3_location_nationality_gender_query_075,0,0.154,data_2M,3
Q_3_location_nationality_gender,Q_3_location_nationality_gender_query_076,0,0.333,data_2M,3
Q_3_location_nationality_gender,Q_3_location_nationality_gender_query_077,24,9.607,data_2M,3
Q_3_location_nationality_gender,Q_3_location_nationality_gender_query_078,0,0.137,data_2M,3
Q_3_location_nationality_gender,Q_3_location_nationality_gender_query_079,0,0.075,data_2M,3
Q_3_location_nationality_gender,Q_3_location_nationality_gender_query_080,6,9.336,data_2M,3
Q_3_location_nationality_gender,Q_3_location_nationality_gender_query_081,0,0.121,data_2M,3
Q_3_location_nationality_gender,Q_3_location_nationality_gender_query_082,0,0.024,data_2M,3
Q_3_location_nationality_gender,Q_3_location_nationality_gender_query_083,0,0.115,data_2M,3
Q_3_location_nationality_gender,Q_3_location_nationality_gender_query_084,0,0.032,data_2M,3
Q_3_location_nationality_gender,Q_3_location_nationality_gender_query_085,0,0.064,data_2M,3
Q_3_location_nationality_gender,Q_3_location_nationality_gender_query_086,0,0.697,data_2M,3
Q_3_location_nationality_gender,Q_3_location_nationality_gender_query_087,0,0.142,data_2M,3
Q_3_location_nationality_gender,Q_3_location_nationality_gender_query_088,24,11.576,data_2M,3
Q_3_location_nationality_gender,Q_3_location_nationality_gender_query_089,0,0.426,data_2M,3
Q_3_location_nationality_gender,Q_3_location_nationality_gender_query_090,1,0.303,data_2M,3
Q_3_location_nationality_gender,Q_3_location_nationality_gender_query_091,0,3.583,data_2M,3
Q_3_location_nationality_gender,Q_3_location_nationality_gender_query_092,0,0.400,data_2M,3
Q_3_location_nationality_gender,Q_3_location_nationality_gender_query_093,0,0.315,data_2M,3
Q_3_location_nationality_gender,Q_3_location_nationality_gender_query_094,8,4.918,data_2M,3
Q_3_location_nationality_gender,Q_3_location_nationality_gender_query_095,0,0.274,data_2M,3
Q_3_location_nationality_gender,Q_3_location_nationality_gender_query_096,0,0.083,data_2M,3
Q_3_location_nationality_gender,Q_3_location_nationality_gender_query_097,0,0.046,data_2M,3
Q_3_location_nationality_gender,Q_3_location_nationality_gender_query_098,0,0.229,data_2M,3
Q_3_location_nationality_gender,Q_3_location_nationality_gender_query_099,0,0.525,data_2M,3
Q_3_location_nationality_gender,Q_3_location_nationality_gender_query_100,1,0.257,data_2M,3
Q_3_nationality_gender_type,Q_3_nationality_gender_type_query_001,0,0.016,data_2M,3
Q_3_nationality_gender_type,Q_3_nationality_gender_type_query_002,5,0.500,data_2M,3
Q_3_nationality_gender_type,Q_3_nationality_gender_type_query_003,9,1.217,data_2M,3
Q_3_nationality_gender_type,Q_3_nationality_gender_type_query_004,0,0.031,data_2M,3
Q_3_nationality_gender_type,Q_3_nationality_gender_type_query_005,63,6.226,data_2M,3
Q_3_nationality_gender_type,Q_3_nationality_gender_type_query_006,2,1.088,data_2M,3
Q_3_nationality_gender_type,Q_3_nationality_gender_type_query_007,1,0.137,data_2M,3
Q_3_nationality_gender_type,Q_3_nationality_gender_type_query_008,0,0.121,data_2M,3
Q_3_nationality_gender_type,Q_3_nationality_gender_type_query_009,1,0.085,data_2M,3
Q_3_nationality_gender_type,Q_3_nationality_gender_type_query_010,1,0.256,data_2M,3
Q_3_nationality_gender_type,Q_3_nationality_gender_type_query_011,9,2.181,data_2M,3
Q_3_nationality_gender_type,Q_3_nationality_gender_type_query_012,29,4.719,data_2M,3
Q_3_nationality_gender_type,Q_3_nationality_gender_type_query_013,7,0.953,data_2M,3
Q_3_nationality_gender_type,Q_3_nationality_gender_type_query_014,19,2.492,data_2M,3
Q_3_nationality_gender_type,Q_3_nationality_gender_type_query_015,3,1.201,data_2M,3
Q_3_nationality_gender_type,Q_3_nationality_gender_type_query_016,0,0.041,data_2M,3
Q_3_nationality_gender_type,Q_3_nationality_gender_type_query_017,63,6.785,data_2M,3
Q_3_nationality_gender_type,Q_3_nationality_gender_type_query_018,29,2.784,data_2M,3
Q_3_nationality_gender_type,Q_3_nationality_gender_type_query_019,0,0.048,data_2M,3
Q_3_nationality_gender_type,Q_3_nationality_gender_type_query_020,0,0.044,data_2M,3
Q_3_nationality_gender_type,Q_3_nationality_gender_type_query_021,19,1.982,data_2M,3
Q_3_nationality_gender_type,Q_3_nationality_gender_type_query_022,7,0.701,data_2M,3
Q_3_nationality_gender_type,Q_3_nationality_gender_type_query_023,2,0.104,data_2M,3
Q_3_nationality_gender_type,Q_3_nationality_gender_type_query_024,29,2.649,data_2M,3
Q_3_nationality_gender_type,Q_3_nationality_gender_type_query_025,0,0.092,data_2M,3
Q_3_nationality_gender_type,Q_3_nationality_gender_type_query_026,29,3.213,data_2M,3
Q_3_nationality_gender_type,Q_3_nationality_gender_type_query_027,5,0.500,data_2M,3
Q_3_nationality_gender_type,Q_3_nationality_gender_type_query_028,0,0.035,data_2M,3
Q_3_nationality_gender_type,Q_3_nationality_gender_type_query_029,3,1.033,data_2M,3
Q_3_nationality_gender_type,Q_3_nationality_gender_type_query_030,9,0.544,data_2M,3
Q_3_nationality_gender_type,Q_3_nationality_gender_type_query_031,1,0.151,data_2M,3
Q_3_nationality_gender_type,Q_3_nationality_gender_type_query_032,0,0.141,data_2M,3
Q_3_nationality_gender_type,Q_3_nationality_gender_type_query_033,12,0.877,data_2M,3
Q_3_nationality_gender_type,Q_3_nationality_gender_type_query_034,0,0.055,data_2M,3
Q_3_nationality_gender_type,Q_3_nationality_gender_type_query_035,63,5.152,data_2M,3
Q_3_nationality_gender_type,Q_3_nationality_gender_type_query_036,0,0.020,data_2M,3
Q_3_nationality_gender_type,Q_3_nationality_gender_type_query_037,0,0.035,data_2M,3
Q_3_nationality_gender_type,Q_3_nationality_gender_type_query_038,29,2.326,data_2M,3
Q_3_nationality_gender_type,Q_3_nationality_gender_type_query_039,63,5.104,data_2M,3
Q_3_nationality_gender_type,Q_3_nationality_gender_type_query_040,2,0.189,data_2M,3
Q_3_nationality_gender_type,Q_3_nationality_gender_type_query_041,6,0.578,data_2M,3
Q_3_nationality_gender_type,Q_3_nationality_gender_type_query_042,29,2.340,data_2M,3
Q_3_nationality_gender_type,Q_3_nationality_gender_type_query_043,1,0.441,data_2M,3
Q_3_nationality_gender_type,Q_3_nationality_gender_type_query_044,19,1.726,data_2M,3
Q_3_nationality_gender_type,Q_3_nationality_gender_type_query_045,0,0.054,data_2M,3
Q_3_nationality_gender_type,Q_3_nationality_gender_type_query_046,63,5.074,data_2M,3
Q_3_nationality_gender_type,Q_3_nationality_gender_type_query_047,1,0.060,data_2M,3
Q_3_nationality_gender_type,Q_3_nationality_gender_type_query_048,0,0.053,data_2M,3
Q_3_nationality_gender_type,Q_3_nationality_gender_type_query_049,2,0.154,data_2M,3
Q_3_nationality_gender_type,Q_3_nationality_gender_type_query_050,19,1.797,data_2M,3
Q_3_nationality_gender_type,Q_3_nationality_gender_type_query_051,29,2.405,data_2M,3
Q_3_nationality_gender_type,Q_3_nationality_gender_type_query_052,9,0.760,data_2M,3
Q_3_nationality_gender_type,Q_3_nationality_gender_type_query_053,0,0.130,data_2M,3
Q_3_nationality_gender_type,Q_3_nationality_gender_type_query_054,1,0.050,data_2M,3
Q_3_nationality_gender_type,Q_3_nationality_gender_type_query_055,2,0.540,data_2M,3
Q_3_nationality_gender_type,Q_3_nationality_gender_type_query_056,0,0.047,data_2M,3
Q_3_nationality_gender_type,Q_3_nationality_gender_type_query_057,63,6.017,data_2M,3
Q_3_nationality_gender_type,Q_3_nationality_gender_type_query_058,29,3.529,data_2M,3
Q_3_nationality_gender_type,Q_3_nationality_gender_type_query_059,9,0.852,data_2M,3
Q_3_nationality_gender_type,Q_3_nationality_gender_type_query_060,1,0.098,data_2M,3
Q_3_nationality_gender_type,Q_3_nationality_gender_type_query_061,29,2.444,data_2M,3
Q_3_nationality_gender_type,Q_3_nationality_gender_type_query_062,3,1.103,data_2M,3
Q_3_nationality_gender_type,Q_3_nationality_gender_type_query_063,5,0.482,data_2M,3
Q_3_nationality_gender_type,Q_3_nationality_gender_type_query_064,0,0.188,data_2M,3
Q_3_nationality_gender_type,Q_3_nationality_gender_type_query_065,19,1.992,data_2M,3
Q_3_nationality_gender_type,Q_3_nationality_gender_type_query_066,0,0.083,data_2M,3
Q_3_nationality_gender_type,Q_3_nationality_gender_type_query_067,5,0.247,data_2M,3
Q_3_nationality_gender_type,Q_3_nationality_gender_type_query_068,29,2.728,data_2M,3
Q_3_nationality_gender_type,Q_3_nationality_gender_type_query_069,6,21.489,data_2M,3
Q_3_nationality_gender_type,Q_3_nationality_gender_type_query_070,9,0.746,data_2M,3
Q_3_nationality_gender_type,Q_3_nationality_gender_type_query_071,0,0.081,data_2M,3
Q_3_nationality_gender_type,Q_3_nationality_gender_type_query_072,0,0.184,data_2M,3
Q_3_nationality_gender_type,Q_3_nationality_gender_type_query_073,14,19.751,data_2M,3
Q_3_nationality_gender_type,Q_3_nationality_gender_type_query_074,12,0.896,data_2M,3
Q_3_nationality_gender_type,Q_3_nationality_gender_type_query_075,1,0.103,data_2M,3
Q_3_nationality_gender_type,Q_3_nationality_gender_type_query_076,6,1.712,data_2M,3
Q_3_nationality_gender_type,Q_3_nationality_gender_type_query_077,63,5.116,data_2M,3
Q_3_nationality_gender_type,Q_3_nationality_gender_type_query_078,0,0.066,data_2M,3
Q_3_nationality_gender_type,Q_3_nationality_gender_type_query_079,0,0.072,data_2M,3
Q_3_nationality_gender_type,Q_3_nationality_gender_type_query_080,9,1.061,data_2M,3
Q_3_nationality_gender_type,Q_3_nationality_gender_type_query_081,1,0.104,data_2M,3
Q_3_nationality_gender_type,Q_3_nationality_gender_type_query_082,0,0.275,data_2M,3
Q_3_nationality_gender_type,Q_3_nationality_gender_type_query_083,9,0.621,data_2M,3
Q_3_nationality_gender_type,Q_3_nationality_gender_type_query_084,0,0.055,data_2M,3
Q_3_nationality_gender_type,Q_3_nationality_gender_type_query_085,3,0.202,data_2M,3
Q_3_nationality_gender_type,Q_3_nationality_gender_type_query_086,7,0.715,data_2M,3
Q_3_nationality_gender_type,Q_3_nationality_gender_type_query_087,0,0.038,data_2M,3
Q_3_nationality_gender_type,Q_3_nationality_gender_type_query_088,63,5.844,data_2M,3
Q_3_nationality_gender_type,Q_3_nationality_gender_type_query_089,4,0.649,data_2M,3
Q_3_nationality_gender_type,Q_3_nationality_gender_type_query_090,9,1.475,data_2M,3
Q_3_nationality_gender_type,Q_3_nationality_gender_type_query_091,14,21.285,data_2M,3
Q_3_nationality_gender_type,Q_3_nationality_gender_type_query_092,3,1.031,data_2M,3
Q_3_nationality_gender_type,Q_3_nationality_gender_type_query_093,1,0.093,data_2M,3
Q_3_nationality_gender_type,Q_3_nationality_gender_type_query_094,29,2.472,data_2M,3
Q_3_nationality_gender_type,Q_3_nationality_gender_type_query_095,29,1.638,data_2M,3
Q_3_nationality_gender_type,Q_3_nationality_gender_type_query_096,14,25.809,data_2M,3
Q_3_nationality_gender_type,Q_3_nationality_gender_type_query_097,0,0.065,data_2M,3
Q_3_nationality_gender_type,Q_3_nationality_gender_type_query_098,0,0.158,data_2M,3
Q_3_nationality_gender_type,Q_3_nationality_gender_type_query_099,14,26.877,data_2M,3
Q_3_nationality_gender_type,Q_3_nationality_gender_type_query_100,29,2.781,data_2M,3
Q_4_location_nationality_gender_type,Q_4_location_nationality_gender_type_query_001,0,0.036,data_2M,4
Q_4_location_nationality_gender_type,Q_4_location_nationality_gender_type_query_002,0,0.105,data_2M,4
Q_4_location_nationality_gender_type,Q_4_location_nationality_gender_type_query_003,0,0.183,data_2M,4
Q_4_location_nationality_gender_type,Q_4_location_nationality_gender_type_query_004,0,0.258,data_2M,4
Q_4_location_nationality_gender_type,Q_4_location_nationality_gender_type_query_005,0,0.107,data_2M,4
Q_4_location_nationality_gender_type,Q_4_location_nationality_gender_type_query_006,0,0.101,data_2M,4
Q_4_location_nationality_gender_type,Q_4_location_nationality_gender_type_query_007,0,0.025,data_2M,4
Q_4_location_nationality_gender_type,Q_4_location_nationality_gender_type_query_008,0,0.877,data_2M,4
Q_4_location_nationality_gender_type,Q_4_location_nationality_gender_type_query_009,0,2.218,data_2M,4
Q_4_location_nationality_gender_type,Q_4_location_nationality_gender_type_query_010,0,0.045,data_2M,4
Q_4_location_nationality_gender_type,Q_4_location_nationality_gender_type_query_011,0,0.106,data_2M,4
Q_4_location_nationality_gender_type,Q_4_location_nationality_gender_type_query_012,1,14.738,data_2M,4
Q_4_location_nationality_gender_type,Q_4_location_nationality_gender_type_query_013,0,0.111,data_2M,4
Q_4_location_nationality_gender_type,Q_4_location_nationality_gender_type_query_014,0,0.074,data_2M,4
Q_4_location_nationality_gender_type,Q_4_location_nationality_gender_type_query_015,0,0.066,data_2M,4
Q_4_location_nationality_gender_type,Q_4_location_nationality_gender_type_query_016,0,0.028,data_2M,4
Q_4_location_nationality_gender_type,Q_4_location_nationality_gender_type_query_017,0,0.166,data_2M,4
Q_4_location_nationality_gender_type,Q_4_location_nationality_gender_type_query_018,0,0.044,data_2M,4
Q_4_location_nationality_gender_type,Q_4_location_nationality_gender_type_query_019,1,5.294,data_2M,4
Q_4_location_nationality_gender_type,Q_4_location_nationality_gender_type_query_020,0,0.089,data_2M,4
Q_4_location_nationality_gender_type,Q_4_location_nationality_gender_type_query_021,0,0.069,data_2M,4
Q_4_location_nationality_gender_type,Q_4_location_nationality_gender_type_query_022,1,0.645,data_2M,4
Q_4_location_nationality_gender_type,Q_4_location_nationality_gender_type_query_023,0,0.057,data_2M,4
Q_4_location_nationality_gender_type,Q_4_location_nationality_gender_type_query_024,0,0.075,data_2M,4
Q_4_location_nationality_gender_type,Q_4_location_nationality_gender_type_query_025,0,0.936,data_2M,4
Q_4_location_nationality_gender_type,Q_4_location_nationality_gender_type_query_026,0,0.131,data_2M,4
Q_4_location_nationality_gender_type,Q_4_location_nationality_gender_type_query_027,0,0.022,data_2M,4
Q_4_location_nationality_gender_type,Q_4_location_nationality_gender_type_query_028,0,0.161,data_2M,4
Q_4_location_nationality_gender_type,Q_4_location_nationality_gender_type_query_029,0,0.550,data_2M,4
Q_4_location_nationality_gender_type,Q_4_location_nationality_gender_type_query_030,0,5.296,data_2M,4
Q_4_location_nationality_gender_type,Q_4_location_nationality_gender_type_query_031,0,0.400,data_2M,4
Q_4_location_nationality_gender_type,Q_4_location_nationality_gender_type_query_032,0,0.113,data_2M,4
Q_4_location_nationality_gender_type,Q_4_location_nationality_gender_type_query_033,0,0.174,data_2M,4
Q_4_location_nationality_gender_type,Q_4_location_nationality_gender_type_query_034,2,12.179,data_2M,4
Q_4_location_nationality_gender_type,Q_4_location_nationality_gender_type_query_035,0,0.318,data_2M,4
Q_4_location_nationality_gender_type,Q_4_location_nationality_gender_type_query_036,0,0.088,data_2M,4
Q_4_location_nationality_gender_type,Q_4_location_nationality_gender_type_query_037,0,0.190,data_2M,4
Q_4_location_nationality_gender_type,Q_4_location_nationality_gender_type_query_038,0,5.807,data_2M,4
Q_4_location_nationality_gender_type,Q_4_location_nationality_gender_type_query_039,1,0.244,data_2M,4
Q_4_location_nationality_gender_type,Q_4_location_nationality_gender_type_query_040,0,0.065,data_2M,4
Q_4_location_nationality_gender_type,Q_4_location_nationality_gender_type_query_041,0,0.146,data_2M,4
Q_4_location_nationality_gender_type,Q_4_location_nationality_gender_type_query_042,0,0.590,data_2M,4
Q_4_location_nationality_gender_type,Q_4_location_nationality_gender_type_query_043,0,0.585,data_2M,4
Q_4_location_nationality_gender_type,Q_4_location_nationality_gender_type_query_044,0,0.074,data_2M,4
Q_4_location_nationality_gender_type,Q_4_location_nationality_gender_type_query_045,0,0.135,data_2M,4
Q_4_location_nationality_gender_type,Q_4_location_nationality_gender_type_query_046,0,4.863,data_2M,4
Q_4_location_nationality_gender_type,Q_4_location_nationality_gender_type_query_047,0,0.216,data_2M,4
Q_4_location_nationality_gender_type,Q_4_location_nationality_gender_type_query_048,1,0.780,data_2M,4
Q_4_location_nationality_gender_type,Q_4_location_nationality_gender_type_query_049,0,0.041,data_2M,4
Q_4_location_nationality_gender_type,Q_4_location_nationality_gender_type_query_050,0,1.194,data_2M,4
Q_4_location_nationality_gender_type,Q_4_location_nationality_gender_type_query_051,0,2.187,data_2M,4
Q_4_location_nationality_gender_type,Q_4_location_nationality_gender_type_query_052,0,0.061,data_2M,4
Q_4_location_nationality_gender_type,Q_4_location_nationality_gender_type_query_053,0,0.030,data_2M,4
Q_4_location_nationality_gender_type,Q_4_location_nationality_gender_type_query_054,2,9.282,data_2M,4
Q_4_location_nationality_gender_type,Q_4_location_nationality_gender_type_query_055,0,0.077,data_2M,4
Q_4_location_nationality_gender_type,Q_4_location_nationality_gender_type_query_056,0,0.204,data_2M,4
Q_4_location_nationality_gender_type,Q_4_location_nationality_gender_type_query_057,0,0.029,data_2M,4
Q_4_location_nationality_gender_type,Q_4_location_nationality_gender_type_query_058,0,9.665,data_2M,4
Q_4_location_nationality_gender_type,Q_4_location_nationality_gender_type_query_059,0,0.132,data_2M,4
Q_4_location_nationality_gender_type,Q_4_location_nationality_gender_type_query_060,0,0.114,data_2M,4
Q_4_location_nationality_gender_type,Q_4_location_nationality_gender_type_query_061,0,0.555,data_2M,4
Q_4_location_nationality_gender_type,Q_4_location_nationality_gender_type_query_062,1,0.329,data_2M,4
Q_4_location_nationality_gender_type,Q_4_location_nationality_gender_type_query_063,0,0.029,data_2M,4
Q_4_location_nationality_gender_type,Q_4_location_nationality_gender_type_query_064,0,0.130,data_2M,4
Q_4_location_nationality_gender_type,Q_4_location_nationality_gender_type_query_065,5,9.933,data_2M,4
Q_4_location_nationality_gender_type,Q_4_location_nationality_gender_type_query_066,0,0.114,data_2M,4
Q_4_location_nationality_gender_type,Q_4_location_nationality_gender_type_query_067,0,0.155,data_2M,4
Q_4_location_nationality_gender_type,Q_4_location_nationality_gender_type_query_068,0,12.630,data_2M,4
Q_4_location_nationality_gender_type,Q_4_location_nationality_gender_type_query_069,0,0.597,data_2M,4
Q_4_location_nationality_gender_type,Q_4_location_nationality_gender_type_query_070,0,0.197,data_2M,4
Q_4_location_nationality_gender_type,Q_4_location_nationality_gender_type_query_071,0,0.079,data_2M,4
Q_4_location_nationality_gender_type,Q_4_location_nationality_gender_type_query_072,0,0.155,data_2M,4
Q_4_location_nationality_gender_type,Q_4_location_nationality_gender_type_query_073,0,0.085,data_2M,4
Q_4_location_nationality_gender_type,Q_4_location_nationality_gender_type_query_074,0,0.171,data_2M,4
Q_4_location_nationality_gender_type,Q_4_location_nationality_gender_type_query_075,0,0.085,data_2M,4
Q_4_location_nationality_gender_type,Q_4_location_nationality_gender_type_query_076,0,3.904,data_2M,4
Q_4_location_nationality_gender_type,Q_4_location_nationality_gender_type_query_077,0,0.061,data_2M,4
Q_4_location_nationality_gender_type,Q_4_location_nationality_gender_type_query_078,0,0.295,data_2M,4
Q_4_location_nationality_gender_type,Q_4_location_nationality_gender_type_query_079,2,5.578,data_2M,4
Q_4_location_nationality_gender_type,Q_4_location_nationality_gender_type_query_080,2,0.340,data_2M,4
Q_4_location_nationality_gender_type,Q_4_location_nationality_gender_type_query_081,0,0.039,data_2M,4
Q_4_location_nationality_gender_type,Q_4_location_nationality_gender_type_query_082,0,0.206,data_2M,4
Q_4_location_nationality_gender_type,Q_4_location_nationality_gender_type_query_083,0,0.298,data_2M,4
Q_4_location_nationality_gender_type,Q_4_location_nationality_gender_type_query_084,0,0.021,data_2M,4
Q_4_location_nationality_gender_type,Q_4_location_nationality_gender_type_query_085,0,0.235,data_2M,4
Q_4_location_nationality_gender_type,Q_4_location_nationality_gender_type_query_086,0,0.131,data_2M,4
Q_4_location_nationality_gender_type,Q_4_location_nationality_gender_type_query_087,0,1.030,data_2M,4
Q_4_location_nationality_gender_type,Q_4_location_nationality_gender_type_query_088,0,12.580,data_2M,4
Q_4_location_nationality_gender_type,Q_4_location_nationality_gender_type_query_089,1,10.860,data_2M,4
Q_4_location_nationality_gender_type,Q_4_location_nationality_gender_type_query_090,5,9.713,data_2M,4
Q_4_location_nationality_gender_type,Q_4_location_nationality_gender_type_query_091,0,0.086,data_2M,4
Q_4_location_nationality_gender_type,Q_4_location_nationality_gender_type_query_092,0,0.514,data_2M,4
Q_4_location_nationality_gender_type,Q_4_location_nationality_gender_type_query_093,0,0.029,data_2M,4
Q_4_location_nationality_gender_type,Q_4_location_nationality_gender_type_query_094,1,9.669,data_2M,4
Q_4_location_nationality_gender_type,Q_4_location_nationality_gender_type_query_095,0,0.338,data_2M,4
Q_4_location_nationality_gender_type,Q_4_location_nationality_gender_type_query_096,0,0.023,data_2M,4
Q_4_location_nationality_gender_type,Q_4_location_nationality_gender_type_query_097,0,0.104,data_2M,4
Q_4_location_nationality_gender_type,Q_4_location_nationality_gender_type_query_098,0,0.188,data_2M,4
Q_4_location_nationality_gender_type,Q_4_location_nationality_gender_type_query_099,2,5.196,data_2M,4
Q_4_location_nationality_gender_type,Q_4_location_nationality_gender_type_query_100,0,0.269,data_2M,4
